guest_id,name,first_name,last_name,email,phone_number,created_at,approval_status,checked_in_at,utm_source,qr_code_url,amount,amount_tax,amount_discount,currency,coupon_code,eth_address,solana_address,survey_response_rating,survey_response_feedback,ticket_type_id,ticket_name,DNI,Perfil,Centro de estudio,Carrera/Especialidad,Ciclo de estudio,¿A qué bloque asistirás?,¿Qué tipo de oportunidades te interesan más? (puede marcar varias),¿Te interesa crear una startup?
gst-l2HSli6Fdg7tiXm,Pilar,,,a20246488@pucp.edu.pe,,2026-04-13T19:57:12.693Z,approved,,,https://luma.com/check-in/evt-a5LTQlYMHtAucJE?pk=v76BapSHZuxVwCI,$0.00,$0.00,$0.00,usd,,,,,,evtticktyp-i8cBMXHN19am9Ss,Standard,61002148,Universitario,Pucp,"Economía ",4to,3:00 - 4:10 Breakout Global Opportunities,"Cursos cortos, Becas",Si
gst-JvALztoHQDzZmN2,Benjamin,Benjamin,,a20261540@pucp.edu.pe,,2026-04-13T19:16:52.127Z,approved,,,https://luma.com/check-in/evt-a5LTQlYMHtAucJE?pk=1vvXkYvjqKojDfj,$0.00,$0.00,$0.00,usd,,,,,,evtticktyp-i8cBMXHN19am9Ss,Standard,73156420,Universitario,Pontificia Universidad Catolica del Peru,Derecho,1ro,4:10 - 6:00 Construye con IA,"Becas, Programas de innovación, Cursos cortos",Tal vez
gst-o9AoS1cgtsNcQxy,ANDREA VALERIA PEREZ CORDOVA,,,a20232730@pucp.edu.pe,,2026-04-13T17:02:11.234Z,approved,,,https://luma.com/check-in/evt-a5LTQlYMHtAucJE?pk=GddmCr6FO8Kp8zR,$0.00,$0.00,$0.00,usd,,,,,,evtticktyp-i8cBMXHN19am9Ss,Standard,75473961,Universitario,PUCP,Gestión y Alta Dirección,5to,"3:00 - 4:10 Breakout Global Opportunities, 4:10 - 6:00 Construye con IA","Becas, Hackathons, Fellowships, Programas de innovación, Otros, Cursos cortos",Si
gst-3Axnzl0Zx4sDVIy,Gianela Chavez Blasn,,,a20233809@pucp.edu.pe,,2026-04-13T16:59:51.665Z,approved,,,https://luma.com/check-in/evt-a5LTQlYMHtAucJE?pk=pVCu1rC1Dsl3yUB,$0.00,$0.00,$0.00,usd,,,,,,evtticktyp-i8cBMXHN19am9Ss,Standard,77224784,Universitario,pucp,gestion,5to,"3:00 - 4:10 Breakout Global Opportunities, 4:10 - 6:00 Construye con IA","Becas, Hackathons, Fellowships, Cursos cortos, Programas de innovación",Tal vez
gst-2FqbBmjTlj9oAmD,Justiniano,Justiniano,,justkglowaft@gmail.com,,2026-04-13T16:39:31.007Z,approved,,,https://luma.com/check-in/evt-a5LTQlYMHtAucJE?pk=tLGJNklKSwpxHzc,$0.00,$0.00,$0.00,usd,,,,,,evtticktyp-i8cBMXHN19am9Ss,Standard,61099911,Universitario,PUCP,Economía,1ro,3:00 - 4:10 Breakout Global Opportunities,"Becas, Cursos cortos",Tal vez
gst-N5CEraUXNNXIfeB,MARCELO ESPICHAN TUPIÑO,Marcelo,Espichan Tupiño,a20263730@pucp.edu.pe,,2026-04-13T16:36:46.278Z,approved,,,https://luma.com/check-in/evt-a5LTQlYMHtAucJE?pk=s6sKqoxCBRgGSEl,$0.00,$0.00,$0.00,usd,,,,,,evtticktyp-i8cBMXHN19am9Ss,Standard,72341846,Universitario,PUCP,"Economía ",1ro,3:00 - 4:10 Breakout Global Opportunities,"Becas, Cursos cortos, Programas de innovación",Tal vez
gst-A3kEZbl48vJvdIe,ALBERTO ADRIAN PAREDES PANDURO,Alberto,Adrian Paredes Panduro,aaparedes@pucp.edu.pe,,2026-04-13T16:34:44.744Z,approved,,,https://luma.com/check-in/evt-a5LTQlYMHtAucJE?pk=2rHQvoEJlh8oXts,$0.00,$0.00,$0.00,usd,,,,,,evtticktyp-i8cBMXHN19am9Ss,Standard,61231011,Universitario,Pontificia Universidad Catolica del Perú,Derecho,3ro,3:00 - 4:10 Breakout Global Opportunities,"Becas, Cursos cortos",Tal vez
gst-JcqZZBW0vkoWwQ0,Leonardo Jose Quispetera Valer,,,a20254502@pucp.edu.pe,,2026-04-13T16:20:49.121Z,approved,,,https://luma.com/check-in/evt-a5LTQlYMHtAucJE?pk=AGr2kYLMQcAOnIT,$0.00,$0.00,$0.00,usd,,,,,,evtticktyp-i8cBMXHN19am9Ss,Standard,76070523,Universitario,PUCP,Economia,3ro,"3:00 - 4:10 Breakout Global Opportunities, 4:10 - 6:00 Construye con IA","Becas, Hackathons, Programas de innovación",Tal vez
gst-HOTkgFuZDlCZg4x,Gianela,Gianela,,a20263862@pucp.edu.pe,,2026-04-13T16:20:32.791Z,approved,,,https://luma.com/check-in/evt-a5LTQlYMHtAucJE?pk=ChpyUZxQb0bLjJq,$0.00,$0.00,$0.00,usd,,,,,,evtticktyp-i8cBMXHN19am9Ss,Standard,61335113,Universitario,"PUCP ","Economía ",1ro,3:00 - 4:10 Breakout Global Opportunities,"Becas, Hackathons, Programas de innovación",Si
gst-9hU3lUhRD77k135,Treissy Paredes,Treissy,Paredes,treissyrparedes@gmail.com,,2026-04-13T14:06:55.222Z,approved,,,https://luma.com/check-in/evt-a5LTQlYMHtAucJE?pk=bYJQCG1RbBr1BQD,$0.00,$0.00,$0.00,usd,,,,,,evtticktyp-i8cBMXHN19am9Ss,Standard,60981835,Universitario,Pucp,Relaciones Internacionales,1ro,3:00 - 4:10 Breakout Global Opportunities,"Fellowships, Becas, Hackathons",Si
gst-2IbmzwTsubzSVrh,Vicente Gonzáles Delgado,,,a20242777@pucp.edu.pe,,2026-04-13T13:41:52.800Z,approved,,,https://luma.com/check-in/evt-a5LTQlYMHtAucJE?pk=bJEwtYsZDelKYTI,$0.00,$0.00,$0.00,usd,,,,,,evtticktyp-i8cBMXHN19am9Ss,Standard,60986005,Universitario,Pucp,Finanzas,5to,"3:00 - 4:10 Breakout Global Opportunities, 4:10 - 6:00 Construye con IA","Hackathons, Programas de innovación",Tal vez
gst-hOAXM0pPEIPV6Gg,Joseph Chuquipiondo Robles,Petter,Chuquipiondo Robles,petter.chuquipiondo.r@uni.pe,,2026-04-13T13:33:36.641Z,approved,,,https://luma.com/check-in/evt-a5LTQlYMHtAucJE?pk=xubZuvB040cRCMW,$0.00,$0.00,$0.00,usd,,,,,,evtticktyp-i8cBMXHN19am9Ss,Standard,713338131,Universitario,UNI,"Ing Telecomunicaciones ",8vo,3:00 - 4:10 Breakout Global Opportunities,Fellowships,Si
gst-bRElkFNNEd62YbJ,Moly Noa Castro,Moly,Noa Castro,karonoac@gmail.com,,2026-04-13T12:07:55.079Z,approved,,,https://luma.com/check-in/evt-a5LTQlYMHtAucJE?pk=BBoXIwTtc6AdlFF,$0.00,$0.00,$0.00,usd,,,,,,evtticktyp-i8cBMXHN19am9Ss,Standard,75572535,Universitario,Pucp,"Finanzas ",8vo,3:00 - 4:10 Breakout Global Opportunities,"Becas, Fellowships",Si
gst-sl25U5lI2xxDBSg,Deyvid Diego Blas Huaccho,Deyvid,Diego Blas Huaccho,a20256356@pucp.edu.pe,,2026-04-13T11:59:01.602Z,approved,,,https://luma.com/check-in/evt-a5LTQlYMHtAucJE?pk=UyqrPgKIPCryWg5,$0.00,$0.00,$0.00,usd,,,,,,evtticktyp-i8cBMXHN19am9Ss,Standard,75964001,Universitario,PUCP,COMUNICACIÓN AUDIOVISUAL,5to,"3:00 - 4:10 Breakout Global Opportunities, 4:10 - 6:00 Construye con IA","Becas, Programas de innovación, Otros",Si
gst-gqNdVk9SKlCgUhg,"Sebastian Jara ",Sebastian,Jara,sebastian.naimj@gmail.com,,2026-04-13T11:28:21.722Z,approved,,,https://luma.com/check-in/evt-a5LTQlYMHtAucJE?pk=W94wihF7Q1G0rNc,$0.00,$0.00,$0.00,usd,,,,,,evtticktyp-i8cBMXHN19am9Ss,Standard,73540379,Universitario,PUCP,Relaciones Internacionales,9no,3:00 - 4:10 Breakout Global Opportunities,"Becas, Fellowships",Tal vez
gst-f0HZ2DEgCMHEGdM,Luis Espinoza,Luis,Espinoza,a20222662@pucp.edu.pe,,2026-04-13T08:48:12.073Z,approved,,,https://luma.com/check-in/evt-a5LTQlYMHtAucJE?pk=2CM9kwzaLXKDD5Z,$0.00,$0.00,$0.00,usd,,,,,,evtticktyp-i8cBMXHN19am9Ss,Standard,74779075,Universitario,PUCP,Ingeniería Informática,7mo,"3:00 - 4:10 Breakout Global Opportunities, 4:10 - 6:00 Construye con IA","Programas de innovación, Hackathons",Si
gst-lxk3GQarAi0H8wE,Aracely Ramirez Espeza,Aracely,Ramirez Espeza,aracely.ramirez.espeza@gmail.com,,2026-04-13T06:45:01.206Z,approved,,,https://luma.com/check-in/evt-a5LTQlYMHtAucJE?pk=sXQju0WOFnCP1Pb,$0.00,$0.00,$0.00,usd,,,,,,evtticktyp-i8cBMXHN19am9Ss,Standard,76922522,Universitario,pucp,finanzas,6to,3:00 - 4:10 Breakout Global Opportunities,"Hackathons, Programas de innovación",Si
gst-mGt6lIhRgVrGFJP,Renzo Aguilar,Renzo,Aguilar,renzoraguilarv@gmail.com,,2026-04-13T06:16:18.241Z,approved,,,https://luma.com/check-in/evt-a5LTQlYMHtAucJE?pk=3o07uAwcqqMBKd3,$0.00,$0.00,$0.00,usd,,,,,,evtticktyp-i8cBMXHN19am9Ss,Standard,74975729,Universitario,PUCP,GESTION EMPRESARIAL,Egresado,"3:00 - 4:10 Breakout Global Opportunities, 4:10 - 6:00 Construye con IA","Becas, Hackathons, Fellowships, Programas de innovación",Si
gst-MYIvY65rVuKyO4d,Mauricio Humpire,,,a20192703@pucp.edu.pe,,2026-04-13T04:30:12.819Z,approved,,,https://luma.com/check-in/evt-a5LTQlYMHtAucJE?pk=E9AwkPu1sX0DFSc,$0.00,$0.00,$0.00,usd,,,,,,evtticktyp-i8cBMXHN19am9Ss,Standard,75532310,Universitario,PUCP,"Gestión ",6to,"3:00 - 4:10 Breakout Global Opportunities, 4:10 - 6:00 Construye con IA","Fellowships, Programas de innovación, Cursos cortos, Becas",Si
gst-54ex2C3MefEkUGD,LUIS GABRIEL ARROYO ARAMBURU,Luis Gabriel,Arroyo Aramburu,a20210704@pucp.edu.pe,,2026-04-13T04:05:46.779Z,approved,,,https://luma.com/check-in/evt-a5LTQlYMHtAucJE?pk=vEKhEWqCsJu7lzi,$0.00,$0.00,$0.00,usd,,,,,,evtticktyp-i8cBMXHN19am9Ss,Standard,70326514,Universitario,Pontificia Universidad Católica del Perú,Ingeniería Mecatrónica,8vo,4:10 - 6:00 Construye con IA,"Fellowships, Becas, Cursos cortos",Tal vez
gst-EdVo2J55ahzEzeh,Natalia Villanueva,Natalia,Villanueva,whovsnat@gmail.com,,2026-04-13T03:52:55.483Z,approved,,,https://luma.com/check-in/evt-a5LTQlYMHtAucJE?pk=erA9HMUQGkuQ2fN,$0.00,$0.00,$0.00,usd,,,,,,evtticktyp-i8cBMXHN19am9Ss,Standard,74587402,Universitario,UNMSM,Ciencia Politica,7mo,3:00 - 4:10 Breakout Global Opportunities,Fellowships,Tal vez
gst-5Wx81hD2LG2RtQK,Maria Tinoco Fajardo,,,maria2401tinoco@gmail.com,,2026-04-13T03:22:22.767Z,approved,,,https://luma.com/check-in/evt-a5LTQlYMHtAucJE?pk=ODK4aDaiDbFNlph,$0.00,$0.00,$0.00,usd,,,,,,evtticktyp-i8cBMXHN19am9Ss,Standard,72239062,Universitario,PUCP,"Gestión ",1ro,"3:00 - 4:10 Breakout Global Opportunities, 4:10 - 6:00 Construye con IA","Becas, Cursos cortos, Fellowships",Si
gst-ED2Q8nPH3FcQkul,ALEJANDRA,Alejandra,,solalexandrachavez12345@gmail.com,,2026-04-13T01:39:37.681Z,approved,,,https://luma.com/check-in/evt-a5LTQlYMHtAucJE?pk=6bJaCQdLsynkRGX,$0.00,$0.00,$0.00,usd,,,,,,evtticktyp-i8cBMXHN19am9Ss,Standard,71153791,Universitario,UNEGYV,EDUCACIÓN,2do,"4:10 - 6:00 Construye con IA, 3:00 - 4:10 Breakout Global Opportunities","Becas, Hackathons, Programas de innovación, Fellowships",Si
gst-PNNRM1zgfT0oU1N,Abel Brayan Mancilla,abel,mancilla,arkhangio@gmail.com,,2026-04-13T00:06:24.248Z,approved,,,https://luma.com/check-in/evt-a5LTQlYMHtAucJE?pk=noATrzcQopBuhKi,$0.00,$0.00,$0.00,usd,,,,,,evtticktyp-i8cBMXHN19am9Ss,Standard,73707089,Universitario,Upc,"Ingeniería de sistemas ",Egresado,"3:00 - 4:10 Breakout Global Opportunities, 4:10 - 6:00 Construye con IA","Becas, Hackathons, Fellowships, Programas de innovación",Si
gst-HKEXiuNcbExqD2p,"Herick ",Herick,Quispe,quispeherick42@gmail.com,,2026-04-12T22:12:38.812Z,approved,,,https://luma.com/check-in/evt-a5LTQlYMHtAucJE?pk=Ky4tbDONMIxr5UJ,$0.00,$0.00,$0.00,usd,,,,,,evtticktyp-i8cBMXHN19am9Ss,Standard,74717107,Universitario,UNI,"Ingeniería física ",4to,"4:10 - 6:00 Construye con IA, 3:00 - 4:10 Breakout Global Opportunities","Becas, Hackathons, Cursos cortos",Tal vez
gst-uYIHkBEAUzR88CI,GREGORY CRISTIAN,,,aldana.gregory@pucp.edu.pe,,2026-04-12T21:58:59.233Z,approved,,,https://luma.com/check-in/evt-a5LTQlYMHtAucJE?pk=q6hJZpPwuvID2PO,$0.00,$0.00,$0.00,usd,,,,,,evtticktyp-i8cBMXHN19am9Ss,Standard,62669889,Universitario,PUCP,GESTION Y ALTA DIRECCION,6to,"3:00 - 4:10 Breakout Global Opportunities, 4:10 - 6:00 Construye con IA","Becas, Programas de innovación, Cursos cortos",Si
gst-nuracIwKQJaOfpg,JOAQUIN MATIAS JUSTO QUISPE,Joaquin Matias,Justo Quispe,a20260586@pucp.edu.pe,,2026-04-12T21:41:22.234Z,approved,,,https://luma.com/check-in/evt-a5LTQlYMHtAucJE?pk=xvK29T4J4ZrAZ7L,$0.00,$0.00,$0.00,usd,,,,,,evtticktyp-i8cBMXHN19am9Ss,Standard,60685080,Universitario,Pontificia Universidad Católica del Perú,Ingeniería Civil,1ro,4:10 - 6:00 Construye con IA,"Becas, Programas de innovación",Tal vez
gst-wUDIOIRNlltHxtx,Belinda Sarita Grandez Vargas,Belinda,Sarita Grandez Vargas,a20252731@pucp.edu.pe,,2026-04-12T21:35:23.330Z,approved,,,https://luma.com/check-in/evt-a5LTQlYMHtAucJE?pk=aA5U5aqMxreGT9a,$0.00,$0.00,$0.00,usd,,,,,,evtticktyp-i8cBMXHN19am9Ss,Standard,71153136,Universitario,Pontificia Universidad Católica del Perú,Relaciones Internacionales,3ro,3:00 - 4:10 Breakout Global Opportunities,"Fellowships, Becas, Cursos cortos, Otros",Si
gst-X1ADoqFneK7oSlH,Andrea Mabel Lazaro Perez,Andrea Mabel,Lazaro Perez,a20260470@pucp.edu.pe,,2026-04-12T21:20:41.109Z,approved,,,https://luma.com/check-in/evt-a5LTQlYMHtAucJE?pk=DjU2Q0jPrro8bUF,$0.00,$0.00,$0.00,usd,,,,,,evtticktyp-i8cBMXHN19am9Ss,Standard,72599280,Universitario,Pontificia Universidad Católica del Perú,Gestión,1ro,3:00 - 4:10 Breakout Global Opportunities,Programas de innovación,Si
gst-KdeXDPBC40Gc74G,Luis Guzman,Luis,Guzman,luesguzman7@gmail.com,,2026-04-12T21:09:09.152Z,approved,,,https://luma.com/check-in/evt-a5LTQlYMHtAucJE?pk=aDdRGQfBtxI8dtN,$0.00,$0.00,$0.00,usd,,,,,,evtticktyp-i8cBMXHN19am9Ss,Standard,62183551,Universitario,PUCP,Finanzas,1ro,"4:10 - 6:00 Construye con IA, 3:00 - 4:10 Breakout Global Opportunities","Programas de innovación, Hackathons",Si
gst-vNNAIYApXTVHH4I,Angely Zambrano Fernandez,Angely,Zambrano Fernandez,angely.zambrano@pucp.edu.pe,,2026-04-12T20:59:44.408Z,approved,,,https://luma.com/check-in/evt-a5LTQlYMHtAucJE?pk=5FIaCsnPH47w8cM,$0.00,$0.00,$0.00,usd,,,,,,evtticktyp-i8cBMXHN19am9Ss,Standard,72908624,Universitario,"Pontificia Universidad Católica del Perú ","Gestión ",7mo,3:00 - 4:10 Breakout Global Opportunities,"Becas, Hackathons, Fellowships, Programas de innovación",Tal vez
gst-IGvnG3F67FfxorN,Aniela,Aniela,,aniela.ubillus@pucp.edu.pe,,2026-04-12T19:39:03.400Z,approved,,,https://luma.com/check-in/evt-a5LTQlYMHtAucJE?pk=w8wJ8Haw2ZU8Li3,$0.00,$0.00,$0.00,usd,,,,,,evtticktyp-i8cBMXHN19am9Ss,Standard,73629578,Escolar,PUCP,Ing mecatronica,8vo,"3:00 - 4:10 Breakout Global Opportunities, 4:10 - 6:00 Construye con IA","Hackathons, Fellowships, Programas de innovación, Cursos cortos",Si
gst-obp5zA3F5hL5nLK,David Benjamin Diaz Davila,,,a20223208@pucp.edu.pe,,2026-04-12T19:10:16.954Z,approved,,,https://luma.com/check-in/evt-a5LTQlYMHtAucJE?pk=GXBf2teBQXc3e01,$0.00,$0.00,$0.00,usd,,,,,,evtticktyp-i8cBMXHN19am9Ss,Standard,73377599,Universitario,Pontificia Universidad Católica del Perú (PUCP),Psicología,9no,"3:00 - 4:10 Breakout Global Opportunities, 4:10 - 6:00 Construye con IA","Becas, Cursos cortos, Hackathons",Tal vez
gst-uGfscl6MArAna67,Andrea Cruz,,,a20220914@pucp.edu.pe,,2026-04-12T18:37:29.764Z,approved,,,https://luma.com/check-in/evt-a5LTQlYMHtAucJE?pk=EC1LG8uj83oTFyf,$0.00,$0.00,$0.00,usd,,,,,,evtticktyp-i8cBMXHN19am9Ss,Standard,73217695,Universitario,PUCP,"Gestión y Alta Dirección ",7mo,"3:00 - 4:10 Breakout Global Opportunities, 4:10 - 6:00 Construye con IA","Becas, Hackathons, Fellowships, Programas de innovación, Cursos cortos, Otros",Tal vez
gst-5GQBRYf2sZpPxpR,"Bruno ",Bruno,"Aguilar ",aguilarr.bs@pucp.edu.pe,,2026-04-12T18:35:38.922Z,approved,,,https://luma.com/check-in/evt-a5LTQlYMHtAucJE?pk=NTEjo6ex8oaBRAi,$0.00,$0.00,$0.00,usd,,,,,,evtticktyp-i8cBMXHN19am9Ss,Standard,73770009,Universitario,"PUCP ","Gestión ",7mo,3:00 - 4:10 Breakout Global Opportunities,"Hackathons, Becas, Programas de innovación, Fellowships",Si
gst-Kht18zEaVUe3Ja7,Jeth Breiner Pucllas Oré,,,jeth.pucllas@pucp.edu.pe,,2026-04-12T18:34:11.838Z,approved,,,https://luma.com/check-in/evt-a5LTQlYMHtAucJE?pk=sS9ajYYyLpi6zxo,$0.00,$0.00,$0.00,usd,,,,,,evtticktyp-i8cBMXHN19am9Ss,Standard,60379997,Universitario,PUCP,"Ing Mecatrónica ",10mo,3:00 - 4:10 Breakout Global Opportunities,Becas,Si
gst-sj8LMHYjpyfwnHl,Arlet Zambrano,Arlet,Zambrano,zambrano240203@gmail.com,,2026-04-12T18:25:39.045Z,approved,,,https://luma.com/check-in/evt-a5LTQlYMHtAucJE?pk=GYyGcNK3ST9EjWl,$0.00,$0.00,$0.00,usd,,,,,,evtticktyp-i8cBMXHN19am9Ss,Standard,74044532,Universitario,Pucp,Gestion,10mo,3:00 - 4:10 Breakout Global Opportunities,Fellowships,Tal vez
gst-5zoW39jI06GhvHC,Aniela Ubillus,Aniela,Ubillus,a20226663@pucp.edu.pe,,2026-04-12T18:04:07.037Z,approved,,,https://luma.com/check-in/evt-a5LTQlYMHtAucJE?pk=LtmUZwb0LwLSqz6,$0.00,$0.00,$0.00,usd,,,,,,evtticktyp-i8cBMXHN19am9Ss,Standard,73629578,Universitario,PUCP,Ing. Mecatrónica,8vo,"3:00 - 4:10 Breakout Global Opportunities, 4:10 - 6:00 Construye con IA","Becas, Fellowships, Programas de innovación, Cursos cortos, Hackathons",Si
gst-hTJcIA2NdA5qYSz,Thays Margarita,Thays,Margarita,thaystem.cruzado@gmail.com,,2026-04-12T17:27:49.749Z,approved,,,https://luma.com/check-in/evt-a5LTQlYMHtAucJE?pk=nld5hq19FCllJwu,$0.00,$0.00,$0.00,usd,,,,,,evtticktyp-i8cBMXHN19am9Ss,Standard,73549053,Universitario,"Universidad Peruana de Ciencias Aplicadas ","Ingeniería Mecatrónica ",1ro,"3:00 - 4:10 Breakout Global Opportunities, 4:10 - 6:00 Construye con IA","Becas, Hackathons, Fellowships, Programas de innovación, Cursos cortos, Otros",Si
gst-quxCG2BhxJjGdNp,Fernando Vergara Guzmán,Fernando,Vergara Guzmán,fer.vergaraguzman@gmail.com,,2026-04-12T17:24:31.300Z,approved,,,https://luma.com/check-in/evt-a5LTQlYMHtAucJE?pk=uWinEz2fnzY9q85,$0.00,$0.00,$0.00,usd,,,,,,evtticktyp-i8cBMXHN19am9Ss,Standard,73073662,Universitario,PUCP,"Ingeniero informático ",Egresado,"3:00 - 4:10 Breakout Global Opportunities, 4:10 - 6:00 Construye con IA","Fellowships, Programas de innovación",Si
gst-nwirMFyT8g7xnC8,Andherson Marin,And,,itsand06@gmail.com,,2026-04-12T16:50:44.092Z,approved,,,https://luma.com/check-in/evt-a5LTQlYMHtAucJE?pk=O1M7db76UFGjpWc,$0.00,$0.00,$0.00,usd,,,,,,evtticktyp-i8cBMXHN19am9Ss,Standard,76521679,Universitario,UTEC,CS,2do,"3:00 - 4:10 Breakout Global Opportunities, 4:10 - 6:00 Construye con IA","Becas, Hackathons, Fellowships, Cursos cortos, Programas de innovación",Si
gst-PhTTnxhDNvscB3k,"Thalia Nicole Rojas Yauri ",Nicole Rojas Yauri,Thalia,thaliarojasyauri@gmail.com,,2026-04-12T15:21:26.993Z,approved,,ig,https://luma.com/check-in/evt-a5LTQlYMHtAucJE?pk=E9nM60DbrsoOgXL,$0.00,$0.00,$0.00,usd,,,,,,evtticktyp-i8cBMXHN19am9Ss,Standard,75846419,Universitario,"Pontificia universidad católica del Perú ","Ingeniería industrial ",6to,"3:00 - 4:10 Breakout Global Opportunities, 4:10 - 6:00 Construye con IA","Fellowships, Becas",Tal vez
gst-38E34UFGyxDREHu,Alonzo,Alonzo,,parcoalonzo@gmail.com,,2026-04-12T14:49:20.660Z,approved,,,https://luma.com/check-in/evt-a5LTQlYMHtAucJE?pk=Lg4EUvOmwS9LiWe,$0.00,$0.00,$0.00,usd,,,,,,evtticktyp-i8cBMXHN19am9Ss,Standard,75318178,Universitario,"Pontificia universidad católica del Perú ","Psicología ",3ro,"4:10 - 6:00 Construye con IA, 3:00 - 4:10 Breakout Global Opportunities","Cursos cortos, Programas de innovación",Tal vez
gst-efjy72vJl8YXJRT,Renato Juarez,Renato,Juarez,a20261234@pucp.edu.pe,,2026-04-12T13:47:59.542Z,approved,,,https://luma.com/check-in/evt-a5LTQlYMHtAucJE?pk=9FYQcPR8DxJHpK0,$0.00,$0.00,$0.00,usd,,,,,,evtticktyp-i8cBMXHN19am9Ss,Standard,61784712,Universitario,PUCP,Mecatronica,1ro,3:00 - 4:10 Breakout Global Opportunities,Becas,Si
gst-LkEVGj16TkOaP4e,KATHERINE DALIA QUISPE RAMOS,Katherine,Dalia Quispe Ramos,dalia.quispe@pucp.edu.pe,,2026-04-12T13:13:19.957Z,approved,,,https://luma.com/check-in/evt-a5LTQlYMHtAucJE?pk=I44bhSUS6r9G84M,$0.00,$0.00,$0.00,usd,,,,,,evtticktyp-i8cBMXHN19am9Ss,Standard,"77467310 ",Universitario,"PONTIFICIA UNIVERSIDAD CATÓLICA DEL PERÚ ","INGENIERÍA CIVIL ",Egresado,4:10 - 6:00 Construye con IA,Fellowships,Tal vez
gst-8yeu7eslgXcQzuV,Sergio Huayhua Llecllish,,,a20226302@pucp.edu.pe,,2026-04-12T11:47:31.797Z,approved,,,https://luma.com/check-in/evt-a5LTQlYMHtAucJE?pk=DNLQtGFy9geO7UA,$0.00,$0.00,$0.00,usd,,,,,,evtticktyp-i8cBMXHN19am9Ss,Standard,77558569,Universitario,PUCP,"Gestión Empresarial ",5to,3:00 - 4:10 Breakout Global Opportunities,Becas,Si
gst-NEvVkQDhSV9Ymtg,Matthew Stephano Zegarra Ramos,Matthew,Stephano Zegarra Ramos,matthewzegarra0312@gmail.com,,2026-04-12T08:12:16.843Z,approved,,,https://luma.com/check-in/evt-a5LTQlYMHtAucJE?pk=WtzEwlZlzHlwZJ5,$0.00,$0.00,$0.00,usd,,,,,,evtticktyp-i8cBMXHN19am9Ss,Standard,73804226,Universitario,UTP,Ing. de Sistemas e Informatica,Egresado,3:00 - 4:10 Breakout Global Opportunities,"Becas, Hackathons, Fellowships, Programas de innovación",Si
gst-Deua0l89cJtPDtg,Alexander Franz vasquez Montero,Alexander,Franz Vasquez Montero,a20210412@pucp.edu.pe,,2026-04-12T06:39:24.577Z,approved,,,https://luma.com/check-in/evt-a5LTQlYMHtAucJE?pk=Plfgf4oB2ps3IMC,$0.00,$0.00,$0.00,usd,,,,,,evtticktyp-i8cBMXHN19am9Ss,Standard,77164103,Universitario,Pucp,"ING. Mecatrónica ",9no,"3:00 - 4:10 Breakout Global Opportunities, 4:10 - 6:00 Construye con IA","Becas, Fellowships",Si
gst-BUzMAFksQLFdqrI,Gianela Chavez,Gianela,Chavez,gianellachavezblas123@gmail.com,,2026-04-12T05:59:44.146Z,approved,,,https://luma.com/check-in/evt-a5LTQlYMHtAucJE?pk=CqORUqB3y5uHULz,$0.00,$0.00,$0.00,usd,,,,,,evtticktyp-i8cBMXHN19am9Ss,Standard,77224784,Universitario,Pucp,"Gestion ",5to,"4:10 - 6:00 Construye con IA, 3:00 - 4:10 Breakout Global Opportunities","Hackathons, Becas, Cursos cortos, Programas de innovación",Tal vez
gst-vo6ACNXgXHUr8oJ,Roy Robert Lima Herhuay,Roy,Robert Lima Herhuay,a20261755@pucp.edu.pe,,2026-04-12T02:41:40.377Z,approved,,,https://luma.com/check-in/evt-a5LTQlYMHtAucJE?pk=kxGIljvhz9E4Onf,$0.00,$0.00,$0.00,usd,,,,,,evtticktyp-i8cBMXHN19am9Ss,Standard,61391071,Universitario,"Pontificia Universidad Católica del Perú ","Ing biomedica ",1ro,3:00 - 4:10 Breakout Global Opportunities,"Fellowships, Hackathons, Programas de innovación, Becas, Cursos cortos",Si
gst-vyVQMM5GgRl9KZy,Isvan Ubilluz,Isvan,Ubilluz,juisvan.3.10.99@gmail.com,,2026-04-12T01:48:08.423Z,approved,,,https://luma.com/check-in/evt-a5LTQlYMHtAucJE?pk=OgAqVUy8JNQquIJ,$0.00,$0.00,$0.00,usd,,,,,,evtticktyp-i8cBMXHN19am9Ss,Standard,90011258,Universitario,"Pontificia Universidad Catolica del Perú ","Gestión y Alta dirección ",4to,"3:00 - 4:10 Breakout Global Opportunities, 4:10 - 6:00 Construye con IA","Becas, Fellowships, Hackathons, Cursos cortos, Programas de innovación, Otros",Tal vez
gst-fk22887I8rk1nMG,Benito,Benito,,morantecuribenito@gmail.com,,2026-04-12T01:08:20.402Z,approved,,,https://luma.com/check-in/evt-a5LTQlYMHtAucJE?pk=rlSJMpX6avDNyuk,$0.00,$0.00,$0.00,usd,,,,,,evtticktyp-i8cBMXHN19am9Ss,Standard,61490941,Universitario,a20261985@pucp.edu.pe,"Psicología ",1ro,"3:00 - 4:10 Breakout Global Opportunities, 4:10 - 6:00 Construye con IA","Becas, Programas de innovación",Si
gst-uRwpOvlnA542kQ4,Julian Huaman,Julian,Huaman,j.huamanleon25@gmail.com,,2026-04-11T22:52:56.756Z,approved,,,https://luma.com/check-in/evt-a5LTQlYMHtAucJE?pk=gez3tktEsW7KAdQ,$0.00,$0.00,$0.00,usd,,,,,,evtticktyp-i8cBMXHN19am9Ss,Standard,60788033,Universitario,PUCP,"Ing. Electrónica ",5to,"4:10 - 6:00 Construye con IA, 3:00 - 4:10 Breakout Global Opportunities","Cursos cortos, Programas de innovación",Tal vez
gst-f9pUgyZuZoTqdUg,José María Centeno Quispe,José María,Cente Quispe,josgriego888@gmail.com,,2026-04-11T16:35:44.412Z,approved,,,https://luma.com/check-in/evt-a5LTQlYMHtAucJE?pk=PBa2JOTzxHCL0D6,$0.00,$0.00,$0.00,usd,,,,,,evtticktyp-i8cBMXHN19am9Ss,Standard,61365087,Universitario,Estudios Generales Ciencias,Ingeniería Biomédica,1ro,"3:00 - 4:10 Breakout Global Opportunities, 4:10 - 6:00 Construye con IA","Becas, Hackathons",Tal vez
gst-HenDXiDRn832yE7,"María Alejandra Catacora Carrillo ",María,Catacora Carrillo,mcatacorac@pucp.edu.pe,,2026-04-11T05:13:31.645Z,approved,,,https://luma.com/check-in/evt-a5LTQlYMHtAucJE?pk=nLz6FnGDTAwP1JA,$0.00,$0.00,$0.00,usd,,,,,,evtticktyp-i8cBMXHN19am9Ss,Standard,77272399,Universitario,PUCP,Ingeniería Biomédica,6to,"3:00 - 4:10 Breakout Global Opportunities, 4:10 - 6:00 Construye con IA","Cursos cortos, Programas de innovación, Fellowships",Tal vez
gst-TGcC7AlkZncCQfR,enver,Enver,,enverjeanpaulnautotito@gmail.com,,2026-04-11T02:54:11.941Z,approved,,,https://luma.com/check-in/evt-a5LTQlYMHtAucJE?pk=5G7zTomthiXfNYm,$0.00,$0.00,$0.00,usd,,,,,,evtticktyp-i8cBMXHN19am9Ss,Standard,7103821,Universitario,pucp,ingenieria civil,8vo,"3:00 - 4:10 Breakout Global Opportunities, 4:10 - 6:00 Construye con IA","Becas, Cursos cortos",Si
gst-6ohmJl5tlpkaFSj,Bryce Mateo Huaqui,Bryce,Mateo Huaqui,a20236288@pucp.edu.pe,,2026-04-11T01:50:00.771Z,approved,,,https://luma.com/check-in/evt-a5LTQlYMHtAucJE?pk=xYWvsl0Icj633qK,$0.00,$0.00,$0.00,usd,,,,,,evtticktyp-i8cBMXHN19am9Ss,Standard,75367949,Universitario,PUCP,"Física ",6to,"3:00 - 4:10 Breakout Global Opportunities, 4:10 - 6:00 Construye con IA","Becas, Cursos cortos, Fellowships, Programas de innovación",Tal vez
gst-TgmVjteffEwLoX0,Milagros Choque Gutiérrez,Milagros,Choque Gutiérrez,a20200252@pucp.edu.pe,,2026-04-11T00:14:47.816Z,approved,,,https://luma.com/check-in/evt-a5LTQlYMHtAucJE?pk=E0b13GtsWJFaMiW,$0.00,$0.00,$0.00,usd,,,,,,evtticktyp-i8cBMXHN19am9Ss,Standard,70846926,Universitario,PUCP,"Derecho ",8vo,"4:10 - 6:00 Construye con IA, 3:00 - 4:10 Breakout Global Opportunities","Becas, Fellowships, Programas de innovación",Si
gst-klhI2zQVcO0IGZF,Lucia,lucia,morales,lucia.moralestala@gmail.com,,2026-04-10T23:48:09.557Z,approved,,,https://luma.com/check-in/evt-a5LTQlYMHtAucJE?pk=QHj38QvVHGo5d0r,$0.00,$0.00,$0.00,usd,,,,,,evtticktyp-i8cBMXHN19am9Ss,Standard,"43221215  ",Universitario,upc,marketing,2do,3:00 - 4:10 Breakout Global Opportunities,Cursos cortos,Si
gst-WkTAZFDvs4ESbMv,Marco Antonio Castro Quicaño,,,a20253022@pucp.edu.pe,,2026-04-10T23:26:57.202Z,approved,,,https://luma.com/check-in/evt-a5LTQlYMHtAucJE?pk=PEq5g1GEvEZsEuS,$0.00,$0.00,$0.00,usd,,,,,,evtticktyp-i8cBMXHN19am9Ss,Standard,60145074,Universitario,PUCP,Ingeniería Civil,2do,4:10 - 6:00 Construye con IA,Becas,Tal vez
gst-ef3zXtcvhR8PmyH,Mhia Carpio,Mhia,Carpio,wendy.carpio@pucp.edu.pe,,2026-04-10T23:17:50.447Z,approved,,,https://luma.com/check-in/evt-a5LTQlYMHtAucJE?pk=JTR1GDNVohJhXGm,$0.00,$0.00,$0.00,usd,,,,,,evtticktyp-i8cBMXHN19am9Ss,Standard,74171353,Universitario,"PUCP ","Derecho ",9no,3:00 - 4:10 Breakout Global Opportunities,"Cursos cortos, Hackathons",Tal vez
gst-OrGpJIBMpu4Oldp,Ignacio Víctor Moreno Jara,Ignacio Víctor,Moreno Jara,a20232320@pucp.edu.pe,,2026-04-10T20:27:11.835Z,approved,,,https://luma.com/check-in/evt-a5LTQlYMHtAucJE?pk=YfxQUSYgB3cwYoO,$0.00,$0.00,$0.00,usd,,,,,,evtticktyp-i8cBMXHN19am9Ss,Standard,76585136,Universitario,PUCP,"Ingeniería Civil ",6to,4:10 - 6:00 Construye con IA,"Programas de innovación, Becas",Si
gst-qNPx3I3HWK6MV1M,Ignacio Moreno,Ignacio,Moreno,a20232320@pupc.edu.pe,,2026-04-10T20:25:36.703Z,approved,,,https://luma.com/check-in/evt-a5LTQlYMHtAucJE?pk=h0MZ3To532P6uSf,$0.00,$0.00,$0.00,usd,,,,,,evtticktyp-i8cBMXHN19am9Ss,Standard,76585146,Universitario,PUCP,Ingeniería Civil,6to,3:00 - 4:10 Breakout Global Opportunities,Becas,Si
gst-J1xaYNtJOlIOGsi,David Ching,David,Ching,david.chings@pucp.edu.pe,,2026-04-10T17:23:41.908Z,approved,,,https://luma.com/check-in/evt-a5LTQlYMHtAucJE?pk=wzX0bvoJFxC2Laq,$0.00,$0.00,$0.00,usd,,,,,,evtticktyp-i8cBMXHN19am9Ss,Standard,76376860,Universitario,PUCP,Ing Mecatrónica,10mo,"3:00 - 4:10 Breakout Global Opportunities, 4:10 - 6:00 Construye con IA","Becas, Fellowships, Cursos cortos",Si
gst-cLR4gkjIVQbnw8x,Hugo Rodríguez,Hugo,Rodríguez,hugo.rodriguez@pucp.edu.pe,,2026-04-10T17:18:59.572Z,approved,,,https://luma.com/check-in/evt-a5LTQlYMHtAucJE?pk=9OTdm8h5oSdltil,$0.00,$0.00,$0.00,usd,,,,,,evtticktyp-i8cBMXHN19am9Ss,Standard,73091303,Universitario,PUCP,Gestión empresarial,Egresado,3:00 - 4:10 Breakout Global Opportunities,Becas,Si
gst-OmrWVftQWkdBhF6,Fernando Chirinos,Fernando,Chirinos,fernando.chirinos.p@uni.pe,,2026-04-09T21:02:59.443Z,approved,,,https://luma.com/check-in/evt-a5LTQlYMHtAucJE?pk=8uXhldkN5g7sFI8,$0.00,$0.00,$0.00,usd,,,,,,evtticktyp-i8cBMXHN19am9Ss,Standard,77479232,Universitario,Universidad Nacional de Ingeniería,Ingeniería de Sistemas,6to,"Breakout Global Opportunities (fellowships, becas, hackathons), Construye y Valida con IA (prototipado sin código)","Hackathons, Becas, Programas de innovación",Si
gst-NWBGbx0n4Lfs3Tl,Axel Hugo Paniura Lopez,Axel,Hugo Paniura Lopez,a20232022@pucp.edu.pe,,2026-04-09T04:20:51.885Z,approved,,,https://luma.com/check-in/evt-a5LTQlYMHtAucJE?pk=NXVAFZO2blVg5i5,$0.00,$0.00,$0.00,usd,,,,,,evtticktyp-i8cBMXHN19am9Ss,Standard,75929498,Universitario,PUCP,"Gestión ",6to,"Breakout Global Opportunities (fellowships, becas, hackathons), Construye y Valida con IA (prototipado sin código), Founder Role Play (simulación startup)","Fellowships, Programas de innovación, Hackathons",Si
gst-uO846SuxWCSvq73,Adrian Choquehuanca Bautista,Adrian,Choquehuanca Bautista,hgperu@gmail.com,,2026-04-08T00:43:53.303Z,approved,,,https://luma.com/check-in/evt-a5LTQlYMHtAucJE?pk=au0dlFeVAyuTbNJ,$0.00,$0.00,$0.00,usd,,,,,,evtticktyp-i8cBMXHN19am9Ss,Standard,41132476,Universitario,UNI,Sistemas,Egresado,"Construye y Valida con IA (prototipado sin código), Breakout Global Opportunities (fellowships, becas, hackathons), Founder Role Play (simulación startup)","Becas, Hackathons, Programas de innovación, Cursos cortos",Si
gst-DfQizLuqAFDaG5T,Fernando Maylle,Fernando,Maylle,luismaylle943@gmail.com,,2026-04-07T21:50:15.709Z,approved,,,https://luma.com/check-in/evt-a5LTQlYMHtAucJE?pk=LxOVCnSJ1NjsQYF,$0.00,$0.00,$0.00,usd,,,,,,evtticktyp-i8cBMXHN19am9Ss,Standard,73786325,Universitario,"UNMSM ","Software Engineering ",9no,Founder Role Play (simulación startup),Programas de innovación,Si
gst-JoCwHWuLFo6BlOK,cesar oliva pireta,cesar,oliva pireta,cesaraop.12@gmail.com,,2026-04-07T14:49:04.361Z,approved,,,https://luma.com/check-in/evt-a5LTQlYMHtAucJE?pk=GOWTeMxqEzBYnU8,$0.00,$0.00,$0.00,usd,,,,,,evtticktyp-i8cBMXHN19am9Ss,Standard,70544313,Universitario,Utp,Ingenieria de software,10mo,"Founder Role Play (simulación startup), Construye y Valida con IA (prototipado sin código), Breakout Global Opportunities (fellowships, becas, hackathons)","Programas de innovación, Cursos cortos",Tal vez
gst-QHIcl18D377QNxs,Piero Olivas,Piero,Olicas,polivas@pucp.edu.pe,,2026-04-07T12:47:12.058Z,approved,,,https://luma.com/check-in/evt-a5LTQlYMHtAucJE?pk=rOtbE992fG37L6w,$0.00,$0.00,$0.00,usd,,,,,,evtticktyp-i8cBMXHN19am9Ss,Standard,73049573,Universitario,PUCP,Ing. Mecatrónica,Egresado,"Breakout Global Opportunities (fellowships, becas, hackathons), Founder Role Play (simulación startup)","Hackathons, Fellowships, Programas de innovación, Becas",Si
gst-fBSRnTZ2juVr9Wv,Robert Anthony Quispe Quispe,Robert,Quispe Quispe,robert.quispe@pucp.edu.pe,,2026-04-07T05:51:06.043Z,approved,,,https://luma.com/check-in/evt-a5LTQlYMHtAucJE?pk=EalG1RLTEkBGDJF,$0.00,$0.00,$0.00,usd,,,,,,evtticktyp-i8cBMXHN19am9Ss,Standard,76693931,Universitario,PUCP,Mecatronica,Egresado,"Breakout Global Opportunities (fellowships, becas, hackathons)",,