guest_id,name,first_name,last_name,email,phone_number,created_at,approval_status,checked_in_at,utm_source,qr_code_url,amount,amount_tax,amount_discount,currency,coupon_code,eth_address,solana_address,survey_response_rating,survey_response_feedback,ticket_type_id,ticket_name,Apellidos,"DNI ",Ocupación,¿En qué universidad estudias o estudiaste?,¿Qué carrera estudias o estudiaste?,¿Qué tanto consideras que sabes sobre startups? Siendo 5 el nivel más alto.,¿Qué tan involucrado/a te consideras en el ecosistema de innovación y emprendimiento? Siendo 5 el nivel más alto.,¿Actualmente tienes una startup o emprendimiento?
gst-5uWGQ60mC3TnOhb,URPI,Urpi,,a20213934@pucp.edu.pe,,2026-02-23T01:46:31.649Z,approved,,,https://luma.com/check-in/evt-kUEXiytwkGB5nPL?pk=6MlRX5ETKbfWCIZ,$0.00,$0.00,$0.00,usd,,,,,,evtticktyp-yICbdPsXW41wUln,Standard,CUTIPA HUAMAN,72978316,Estudiante,PUCP,DERECHO,2,2,"No, pero estoy desarrollando una idea"
gst-SQCB0d1YZ75YtGt,Franklin,Franklin,,cuevasquispefranklin123@gmail.com,,2026-02-20T22:25:18.522Z,approved,,,https://luma.com/check-in/evt-kUEXiytwkGB5nPL?pk=FN6ijGGqW0HrmOL,$0.00,$0.00,$0.00,usd,,,,,,evtticktyp-yICbdPsXW41wUln,Standard,Cuevas Quispe,76935939,Estudiante,Universidad Nacional Mayor De San Marcos,Ing.Biomedica,1,1,No
gst-OzTBrTYGHut94cp,Abbie,Abbie,,lookung.abbie@gmail.com,,2026-02-20T22:01:39.749Z,approved,,,https://luma.com/check-in/evt-kUEXiytwkGB5nPL?pk=BmcaflovB1CKMUz,$0.00,$0.00,$0.00,usd,,,,,,evtticktyp-yICbdPsXW41wUln,Standard,Loo Kung,74319786,Estudiante,Pontificia Católica del Perú,Diseño industrial,3,3,"Sí, en etapa inicial (validación/MVP)"
gst-jFF6iKaah2zvWBp,Alessandra,Alessandra,,yenymm32@gmail.com,,2026-02-20T21:43:56.691Z,approved,,,https://luma.com/check-in/evt-kUEXiytwkGB5nPL?pk=ypOw40xV5NRDfHU,$0.00,$0.00,$0.00,usd,,,,,,evtticktyp-yICbdPsXW41wUln,Standard,Rufino Robledo,77867230,Estudiante,"Pedro Ruiz ",ING. Quimica,1,1,No
gst-Ia5blYFyeYBd3tL,Kiara,Kiara,,yenymm32@hotmail.com,,2026-02-20T21:42:37.730Z,approved,,,https://luma.com/check-in/evt-kUEXiytwkGB5nPL?pk=YgGCcDICu3uBQ8J,$0.00,$0.00,$0.00,usd,,,,,,evtticktyp-yICbdPsXW41wUln,Standard,Rufino Robledo,77867230,Estudiante,"Pedro Ruiz ",ING. Quimica,1,1,No
gst-sBSWkvfKLDgIK7q,Fatima,Fatima,,teranfatima0@gmail.com,,2026-02-20T21:11:40.765Z,approved,,,https://luma.com/check-in/evt-kUEXiytwkGB5nPL?pk=19cJboMnoeIyerE,$0.00,$0.00,$0.00,usd,,,,,,evtticktyp-yICbdPsXW41wUln,Standard,"terán ",61025490,Estudiante,PUCP,"Derecho ",1,4,"Sí, en etapa inicial (validación/MVP)"
gst-8MIu1R0pMqsib3O,Yeny,Yeny,,ymm32@hotmail.com,,2026-02-20T20:55:23.930Z,approved,,,https://luma.com/check-in/evt-kUEXiytwkGB5nPL?pk=oUv432zJ7OGB4w9,$0.00,$0.00,$0.00,usd,,,,,,evtticktyp-yICbdPsXW41wUln,Standard,Robledo,16786236,Independiente,Pedro Ruiz gallo,Ingeniería quimica,2,3,"No, pero estoy desarrollando una idea"
gst-xFDBtB9LMMJid7I,"Agar Ortuño ",,,sal.luz123y@gmail.com,,2026-02-20T20:42:58.463Z,approved,,,https://luma.com/check-in/evt-kUEXiytwkGB5nPL?pk=GFcosf6CIwtOMdu,$0.00,$0.00,$0.00,usd,,,,,,evtticktyp-yICbdPsXW41wUln,Standard,"Ortuño ",7808604,Founder,Umsa,"Ingeniera Industrial ",2,4,"Sí, en etapa inicial (validación/MVP)"
gst-BKlms6dPazbj4A3,Fiorela Ñahuis,Fiorela,Ñahuis,fiorela.nahuis@pucp.edu.pe,,2026-02-20T20:42:35.052Z,approved,,,https://luma.com/check-in/evt-kUEXiytwkGB5nPL?pk=JLXedowmY5BIjjz,$0.00,$0.00,$0.00,usd,,,,,,evtticktyp-yICbdPsXW41wUln,Standard,Ñahuis Apaza,75457095,Independiente,PUCP,Ing. Industrial,3,3,No
gst-5WJCLHtgfIFgtjF,Anthuanne Cerdan Huicho,Anthuanne,Cerdan Huicho,anthuannehuicho@gmail.com,,2026-02-20T20:37:40.927Z,approved,,,https://luma.com/check-in/evt-kUEXiytwkGB5nPL?pk=dZ1HZvAZSpzA3bF,$0.00,$0.00,$0.00,usd,,,,,,evtticktyp-yICbdPsXW41wUln,Standard,Cerdan Huicho,71942515,Estudiante,Universidad Privada del Norte,Ingenieria Mecatronica,3,3,"No, pero estoy desarrollando una idea"
gst-iyXZZXSzZOoZ0XQ,Christian,Christian,Anco Patricio,chriscoolmide@gmail.com,,2026-02-20T19:19:05.883Z,approved,,,https://luma.com/check-in/evt-kUEXiytwkGB5nPL?pk=pGbOtPCLpT5aRkD,$0.00,$0.00,$0.00,usd,,,,,,evtticktyp-yICbdPsXW41wUln,Standard,Anco Patricio,60910925,Estudiante,Universidad de Lima,Economía,4,4,"No, pero estoy desarrollando una idea"
gst-hY6xDB9nK1Grosf,David Ching,David,Ching,david.chings@pucp.edu.pe,,2026-02-20T17:10:21.116Z,approved,,,https://luma.com/check-in/evt-kUEXiytwkGB5nPL?pk=IdBAqo5DdPHdS7m,$0.00,$0.00,$0.00,usd,,,,,,evtticktyp-yICbdPsXW41wUln,Standard,Ching Sato,76376860,Estudiante,PUCP,Ing Mecatrónica,4,4,"No, pero estoy desarrollando una idea"
gst-Y6dOfwDWmXkAJi7,Dariel Jiménez,Dariel,Jiménez,darielrosario1450@gmail.com,,2026-02-20T17:07:26.517Z,approved,,,https://luma.com/check-in/evt-kUEXiytwkGB5nPL?pk=aPCkX3PpprohlqS,$0.00,$0.00,$0.00,usd,,,,,,evtticktyp-yICbdPsXW41wUln,Standard,"Jiménez Rosario ",40231569415,Estudiante,"Universidad adventista dominicana ","Ingeniería de software ",1,1,No
gst-aqCZz7gs2JDvuDv,Jamin Alfredo Yauri Cajas,Jamin,Alfredo Yauri Cajas,jamin.yauri@pucp.edu.pe,,2026-02-20T16:56:14.362Z,approved,,,https://luma.com/check-in/evt-kUEXiytwkGB5nPL?pk=PB59QIrEOX9PFDA,$0.00,$0.00,$0.00,usd,,,,,,evtticktyp-yICbdPsXW41wUln,Standard,YAURI CAJAS,72813232,Estudiante,PUCP,"Ingeniero Mecatrónico ",5,5,"Sí, en etapa inicial (validación/MVP)"
gst-J1TDyr5z1iywQKy,Abner,,,a.contrerast@pucp.edu.pe,,2026-02-20T16:50:08.116Z,approved,,,https://luma.com/check-in/evt-kUEXiytwkGB5nPL?pk=NjAHLr0HA9hrK77,$0.00,$0.00,$0.00,usd,,,,,,evtticktyp-yICbdPsXW41wUln,Standard,Contreras Tutaya,73206591,Independiente,Pucp,Gestión,3,3,"No, pero estoy desarrollando una idea"
gst-pCFx6rql2bCdVe6,Jesús,Jesús,,jesus.perezd@pucp.edu.pe,,2026-02-20T16:49:29.862Z,approved,,,https://luma.com/check-in/evt-kUEXiytwkGB5nPL?pk=A9ZKrQ598aGlJln,$0.00,$0.00,$0.00,usd,,,,,,evtticktyp-yICbdPsXW41wUln,Standard,Pérez De La Torre,76240768,Estudiante,PUCP,Gestión,3,2,No
gst-56c1YQ6nHYKE8dj,Nadia Alondra Ponce Jaime,Nadia,Ponce Jaime,a20225792@pucp.edu.pe,,2026-02-20T16:41:41.211Z,approved,,,https://luma.com/check-in/evt-kUEXiytwkGB5nPL?pk=s3JxpnFJS6xeYhz,$0.00,$0.00,$0.00,usd,,,,,,evtticktyp-yICbdPsXW41wUln,Standard,Ponce,77573480,Estudiante,PUCP,Ing Ambiental,3,3,"No, pero estoy desarrollando una idea"
gst-SEJjbJuvogFcK38,Leo Anthony  Rufino Robledo,"Leo Anthony ",Rufino Robledo,a20250342@pucp.edu.pe,,2026-02-20T16:37:04.115Z,approved,,,https://luma.com/check-in/evt-kUEXiytwkGB5nPL?pk=N2c6jRaVZYuHbpq,$0.00,$0.00,$0.00,usd,,,,,,evtticktyp-yICbdPsXW41wUln,Standard,Rufino Robledo,70701689,Estudiante,PUCP,Fisica,2,1,No
gst-lzDXFq6hZWh7FH9,Ana Paola Aguilar Contreras,Ana Paola,Aguilar Contreras,capu.paola.aguilar@gmail.com,,2026-02-20T16:28:37.296Z,approved,,,https://luma.com/check-in/evt-kUEXiytwkGB5nPL?pk=Mk1Uk6gK7Dqu34y,$0.00,$0.00,$0.00,usd,,,,,,evtticktyp-yICbdPsXW41wUln,Standard,Aguilar Contreras,75792729,Estudiante,PUCP,Ingeniería Industrial,1,3,No
gst-sQgUMJXkJhGTNg0,Fiorella Arriaga,Fiorella,Arriaga,fiorella.arriaga43@gmail.com,,2026-02-20T16:18:54.276Z,approved,,,https://luma.com/check-in/evt-kUEXiytwkGB5nPL?pk=hCWKgYBSUkeob9k,$0.00,$0.00,$0.00,usd,,,,,,evtticktyp-yICbdPsXW41wUln,Standard,"Arriaga ",71336743,Estudiante,Pucp,Derecho,1,1,"No, pero estoy desarrollando una idea"
gst-mM6SgSollST4bym,Nery,Nery,,a20210576@pucp.edu.pe,,2026-02-20T16:12:12.384Z,approved,,,https://luma.com/check-in/evt-kUEXiytwkGB5nPL?pk=nDm4MKi6C58Dh67,$0.00,$0.00,$0.00,usd,,,,,,evtticktyp-yICbdPsXW41wUln,Standard,"Olivera ",76303836,Estudiante,Pucp,Derecho,2,3,"No, pero estoy desarrollando una idea"
gst-0PZzvUqXnDJeOwe,Jorge Luis,Jorge,Luis,jorgedt1704@gmail.com,,2026-02-20T16:08:28.606Z,approved,,,https://luma.com/check-in/evt-kUEXiytwkGB5nPL?pk=QQBpd0tGi4X5Ht9,$0.00,$0.00,$0.00,usd,,,,,,evtticktyp-yICbdPsXW41wUln,Standard,"Dávila ",75980117,Estudiante,PUCP,Derecho,1,1,No
gst-eO8clhYHqxGFTkk,Nefi Arroyo,Nefi,Arroyo,nefi.arroyo.a@gmail.com,,2026-02-20T16:02:19.253Z,approved,,,https://luma.com/check-in/evt-kUEXiytwkGB5nPL?pk=hDyRZE9BG3RalH0,$0.00,$0.00,$0.00,usd,,,,,,evtticktyp-yICbdPsXW41wUln,Standard,Arroyo,46478310,Independiente,Continental,Sistemas,2,3,"No, pero estoy desarrollando una idea"
gst-OTJIwOmwqWFfPfC,Axel Hugo Paniura Lopez,Axel,Hugo Paniura Lopez,a20232022@pucp.edu.pe,,2026-02-20T15:55:32.447Z,approved,,,https://luma.com/check-in/evt-kUEXiytwkGB5nPL?pk=AfwewuvvVZLBsdw,$0.00,$0.00,$0.00,usd,,,,,,evtticktyp-yICbdPsXW41wUln,Standard,"Paniura Lopez ",75929498,Founder,PUCP,"Gestión y Alta Dirección ",3,3,"No, pero estoy desarrollando una idea"
gst-7G5ZIWKqfCdCI5g,Gerardo,Gerardo,,grojasaguilar282@gmail.com,,2026-02-20T15:39:41.758Z,approved,,,https://luma.com/check-in/evt-kUEXiytwkGB5nPL?pk=q4XB7eaBG6QgoIA,$0.00,$0.00,$0.00,usd,,,,,,evtticktyp-yICbdPsXW41wUln,Standard,GERARDO ROJAS AGUILAR,74456002,Founder,PUCP,ING CIVIL,5,5,"Sí, ya está generando ingresos constantes"
gst-tosrCWqFvHaAuWs,Jose Antonio,Jose,Antonio,jpachacamae@gmail.com,,2026-02-20T15:24:31.562Z,approved,,,https://luma.com/check-in/evt-kUEXiytwkGB5nPL?pk=Cn0xU3sPY7pLPcc,$0.00,$0.00,$0.00,usd,,,,,,evtticktyp-yICbdPsXW41wUln,Standard,Pachacama Echevarria,61355410,Estudiante,PUCP,Ing. Mecatrónica,1,3,No
gst-oS8DbW18RsLze5S,Jean Echabautis,Jean,Echabautis,trivelio9@gmail.com,,2026-02-20T15:10:43.034Z,approved,,,https://luma.com/check-in/evt-kUEXiytwkGB5nPL?pk=H582ph4nNZyYUIM,$0.00,$0.00,$0.00,usd,,,,,,evtticktyp-yICbdPsXW41wUln,Standard,Echabautis Rada,75568636,Estudiante,Universidad Privada del Norte,Comunicaciones y Publicidad,5,4,"Sí, en etapa inicial (validación/MVP)"
gst-zDzA4NB60YYalo3,Kusi Uñapillco Franco,,,kusi.ufranco12@gmail.com,,2026-02-20T15:08:13.835Z,approved,,,https://luma.com/check-in/evt-kUEXiytwkGB5nPL?pk=Q8Cqen3rFYplxRc,$0.00,$0.00,$0.00,usd,,,,,,evtticktyp-yICbdPsXW41wUln,Standard,Uñapillco,75762529,Estudiante,Pucp,Ingeniería Biomédica,3,3,"No, pero estoy desarrollando una idea"
gst-euTqlgJmYUDL3DE,Manuel,Manuel,,manu20.dlc@gmail.com,,2026-02-20T14:59:23.319Z,approved,,,https://luma.com/check-in/evt-kUEXiytwkGB5nPL?pk=5crOBwAXjLq2ojG,$0.00,$0.00,$0.00,usd,,,,,,evtticktyp-yICbdPsXW41wUln,Standard,De la Cruz,75490635,Estudiante,Pontificia Universidad Católica,Economía,1,1,No
gst-XeamkHcVjjXEu8a,Jordy Javier,Jordy,Javier,j.santos@pucp.edu.pe,,2026-02-20T14:45:57.094Z,approved,,,https://luma.com/check-in/evt-kUEXiytwkGB5nPL?pk=3CDnYGTJKMasGdN,$0.00,$0.00,$0.00,usd,,,,,,evtticktyp-yICbdPsXW41wUln,Standard,Santos Vega,70893663,Estudiante,"Pontificia Universidad Católica del Perú ","Gestión Empresarial ",3,3,"No, pero estoy desarrollando una idea"
gst-teRYsK4QF6Xe5AM,Flor Dayana,Flor,Dayana,a20213157@pucp.edu.pe,,2026-02-20T14:44:56.394Z,approved,,,https://luma.com/check-in/evt-kUEXiytwkGB5nPL?pk=OsUwT72b49cWFzB,$0.00,$0.00,$0.00,usd,,,,,,evtticktyp-yICbdPsXW41wUln,Standard,"Sánchez Quispe ",60860018,Estudiante,Pucp,"Ingeniería civil ",1,2,No
gst-IQ7bBGD9786nplr,Marcelo,Marcelo,,marceloloarte@hotmail.com,,2026-02-20T13:51:27.061Z,approved,,,https://luma.com/check-in/evt-kUEXiytwkGB5nPL?pk=6adtB4k1BE2vDkd,$0.00,$0.00,$0.00,usd,,,,,,evtticktyp-yICbdPsXW41wUln,Standard,Loarte,60915551,Estudiante,PUCP,Economía,1,1,No
gst-SArmVsGXdUj0J49,Jhairt Vega Quino,Jhairt,Vega Quino,j.vega@pucp.edu.pe,,2026-02-20T13:46:28.099Z,approved,,,https://luma.com/check-in/evt-kUEXiytwkGB5nPL?pk=sHluYcxVZz3KMTk,$0.00,$0.00,$0.00,usd,,,,,,evtticktyp-yICbdPsXW41wUln,Standard,Vega Quino,73101693,Empleado,"Pontificia Universidad Católica del Perú ","Ingeniería Informática ",2,3,"Sí, en etapa de crecimiento"
gst-aYpLczj3YGNR3xx,Tomás Alessandro Honorio Zavaleta,Tomás,Alessandro Honorio Zavaleta,alessandro.honorio@pucp.edu.pe,,2026-02-20T13:35:33.810Z,approved,,,https://luma.com/check-in/evt-kUEXiytwkGB5nPL?pk=VYrbYafA9M1gBgd,$0.00,$0.00,$0.00,usd,,,,,,evtticktyp-yICbdPsXW41wUln,Standard,Honorio Zavaleta,73102466,Independiente,PUCP,"economía ",3,3,"Sí, en etapa inicial (validación/MVP)"
gst-eG4kgGGZ5Qg3hGI,Andres Pujaico,Andres,Pujaico,a20253401@pucp.edu.pe,,2026-02-20T13:34:12.992Z,approved,,,https://luma.com/check-in/evt-kUEXiytwkGB5nPL?pk=TFvzP0iXckjDFrj,$0.00,$0.00,$0.00,usd,,,,,,evtticktyp-yICbdPsXW41wUln,Standard,Pujaico Osccorima,72493503,Estudiante,PUCP,Gestión,1,1,No
gst-GFrjy07YkqtfRwQ,David Steven Santiago Condori,David Steven,Santiago Condori,a20191157@pucp.edu.pe,,2026-02-20T13:30:08.660Z,approved,,,https://luma.com/check-in/evt-kUEXiytwkGB5nPL?pk=017BVaRYHdDHURS,$0.00,$0.00,$0.00,usd,,,,,,evtticktyp-yICbdPsXW41wUln,Standard,Santiago Condori,74761137,Estudiante,PUCP,Economia,2,3,"Sí, en etapa inicial (validación/MVP)"
gst-cB5FF18lzJyDokh,Meyerhof,Meyerhof,,meyerce03@gmail.com,,2026-02-20T13:08:09.799Z,approved,,,https://luma.com/check-in/evt-kUEXiytwkGB5nPL?pk=r4oaNs5WRp9F0n0,$0.00,$0.00,$0.00,usd,,,,,,evtticktyp-yICbdPsXW41wUln,Standard,"Cristobal Espinoza ",71818166,Estudiante,PUCP,"Ing. mecánica ",3,3,"No, pero estoy desarrollando una idea"
gst-Pc00ATzNQ83XQjF,Ignacio Victor,Ignacio,Victor,nachomoreno2005@icloud.com,,2026-02-20T12:59:47.248Z,approved,,,https://luma.com/check-in/evt-kUEXiytwkGB5nPL?pk=cyOWfpX5nPwaqhX,$0.00,$0.00,$0.00,usd,,,,,,evtticktyp-yICbdPsXW41wUln,Standard,"Moreno Jara ",76585136,Estudiante,PUCP,Ingeniería Civil,2,4,"No, pero estoy desarrollando una idea"
gst-4RYSX7U9uOjqiIj,Marcelo Salazar,Marcelo,Salazar,marcelo.salazarl@pucp.edu.pe,,2026-02-20T12:55:22.092Z,approved,,,https://luma.com/check-in/evt-kUEXiytwkGB5nPL?pk=gnSKzJwHTfEyImr,$0.00,$0.00,$0.00,usd,,,,,,evtticktyp-yICbdPsXW41wUln,Standard,"Salazar ",72869192,Estudiante,PUCP,Economía,2,3,"Sí, en etapa inicial (validación/MVP)"
gst-Sh5lOj8CFzt3fkg,kevin anthony naveros ayquipa,Kevin,Anthony Naveros Ayquipa,a20165881@pucp.edu.pe,,2026-02-20T12:44:34.697Z,approved,,,https://luma.com/check-in/evt-kUEXiytwkGB5nPL?pk=EgcYTh8HldjWDr5,$0.00,$0.00,$0.00,usd,,,,,,evtticktyp-yICbdPsXW41wUln,Standard,Naveros Ayquipa,47786011,Estudiante,"Pontificia  universidad católica del Perú ","Economía ",1,4,"No, pero estoy desarrollando una idea"
gst-xejZyYHtUyL7bY3,ZINNIA MAYRUT VALENCIA SAAVEDRA,Zinnia,Mayrut Valencia Saavedra,zinnia.valencia@unmsm.edu.pe,,2026-02-20T08:04:26.763Z,approved,,,https://luma.com/check-in/evt-kUEXiytwkGB5nPL?pk=0lld0r7Kl0n5g1q,$0.00,$0.00,$0.00,usd,,,,,,evtticktyp-yICbdPsXW41wUln,Standard,"Valencia ",73207169,Estudiante,"UNMSM ","Biología ",3,3,"Sí, en etapa inicial (validación/MVP)"
gst-JP4kURCAwl2kjpZ,Luis Fernando,,,lfsifuentes@pucp.edu.pe,,2026-02-20T06:41:27.242Z,approved,,,https://luma.com/check-in/evt-kUEXiytwkGB5nPL?pk=IIvzLemSmjnMRtM,$0.00,$0.00,$0.00,usd,,,,,,evtticktyp-yICbdPsXW41wUln,Standard,"Sifuentes Alva ",73015355,Estudiante,"Pontificia Universidad Católica del Perú ","Gestión y Alta Dirección ",1,2,No
gst-WfGJdd74dvhVD1V,Kiara,Kiara,,kiaraguillen11@gmail.com,,2026-02-20T05:07:41.948Z,approved,,,https://luma.com/check-in/evt-kUEXiytwkGB5nPL?pk=hUu85dhA02YRpDK,$0.00,$0.00,$0.00,usd,,,,,,evtticktyp-yICbdPsXW41wUln,Standard,"Guillén Murillo ",71148232,Estudiante,PUCP,"Ingeniería mecatronica ",1,3,"No, pero estoy desarrollando una idea"
gst-kDK6RV2a2Jq7HOm,Luzianna de la Torre,LUZIANNA ROMINA,DE LA TORRE JARAMILLO,a20222917@pucp.edu.pe,,2026-02-20T04:48:51.872Z,approved,,,https://luma.com/check-in/evt-kUEXiytwkGB5nPL?pk=r42qA7UIN9Mr9Lu,$0.00,$0.00,$0.00,usd,,,,,,evtticktyp-yICbdPsXW41wUln,Standard,De La Torre Jaramillo,75708498,Estudiante,Pontificia Universidad Católica del Perú,Gestión y Alta Dirección,2,4,"Sí, en etapa de crecimiento"
gst-thNsuGaRbum3qmA,Clodo Jhampool Cubas Torres,Clodo Jhampool,Cubas Torres,clodo.cubas@pucp.edu.pe,,2026-02-20T04:38:07.168Z,approved,,,https://luma.com/check-in/evt-kUEXiytwkGB5nPL?pk=OibejWsaI4XrUpF,$0.00,$0.00,$0.00,usd,,,,,,evtticktyp-yICbdPsXW41wUln,Standard,CUBAS TORRES,77706119,Estudiante,PUCP,ING INDUSTRIAL,1,5,"Sí, ya está generando ingresos constantes"
gst-2sCWhFGMCUv3B3q,Matias,Matias,,matiastjm17@gmail.com,,2026-02-20T04:28:37.509Z,approved,,,https://luma.com/check-in/evt-kUEXiytwkGB5nPL?pk=klTQw31A84EL1Fo,$0.00,$0.00,$0.00,usd,,,,,,evtticktyp-yICbdPsXW41wUln,Standard,Tejada Mora,73103381,Estudiante,Pucp,"Gestión y Alta Dirección ",2,3,"No, pero estoy desarrollando una idea"
gst-wxcIwPXTjEEMKnl,Nayely Aragón Chup,Nayely,Aragón Chup,aragon.nayely@pucp.edu.pe,,2026-02-20T04:26:04.220Z,approved,,,https://luma.com/check-in/evt-kUEXiytwkGB5nPL?pk=UraapgvuSdDZcEx,$0.00,$0.00,$0.00,usd,,,,,,evtticktyp-yICbdPsXW41wUln,Standard,Aragón,72177950,Estudiante,PUCP,Gestión empresarial,3,3,No
gst-jAYIrd5m8P5xDxh,Renato calderon,Renato,Calderon,renatocalderonss@gmail.com,,2026-02-20T04:19:38.206Z,approved,,,https://luma.com/check-in/evt-kUEXiytwkGB5nPL?pk=8yOBF6t1Aoj2t2C,$0.00,$0.00,$0.00,usd,,,,,,evtticktyp-yICbdPsXW41wUln,Standard,Calderon,71747499,Estudiante,pucp,Gestion,2,3,"No, pero estoy desarrollando una idea"
gst-NCgxy0QI21SH8OV,Luis Leonardo M.,Luis Leonardo,M.,a20232552@pucp.edu.pe,,2026-02-20T04:09:12.124Z,approved,,,https://luma.com/check-in/evt-kUEXiytwkGB5nPL?pk=sFlKb7BVHJmCynp,$0.00,$0.00,$0.00,usd,,,,,,evtticktyp-yICbdPsXW41wUln,Standard,Isla Froylan,73901146,Estudiante,Pucp-Upch,Ing. Biomedica,1,3,No
gst-Qa3TiKtHWr4tUDk,Juan Antonio,Juan,Antonio,tinocojuantonio@gmail.com,,2026-02-20T04:07:15.744Z,approved,,,https://luma.com/check-in/evt-kUEXiytwkGB5nPL?pk=eFv9npZ3n58FDAO,$0.00,$0.00,$0.00,usd,,,,,,evtticktyp-yICbdPsXW41wUln,Standard,Tinoco Quispe,70974940,Estudiante,Pontificia Universidad Católica del Perú,Ingeniería Biomédica,1,1,No
gst-9ydHvGTI3KF7yHq,Luis Fernando,Luis,Fernando,fernandop17.09@gmail.com,,2026-02-20T04:03:35.369Z,approved,,,https://luma.com/check-in/evt-kUEXiytwkGB5nPL?pk=A3DTica8Jg07Jth,$0.00,$0.00,$0.00,usd,,,,,,evtticktyp-yICbdPsXW41wUln,Standard,Pingo Juárez,70850121,Estudiante,Pucp-Cayetano,"Ingeniería Biomédica ",2,2,No
gst-CzjoShnWUEObxDm,Jeniffer Paniora,Jeniffer,P,jeniffer.paniora.s@gmail.com,,2026-02-20T03:44:54.148Z,approved,,,https://luma.com/check-in/evt-kUEXiytwkGB5nPL?pk=Oxgru5TEI701mZy,$0.00,$0.00,$0.00,usd,,,,,,evtticktyp-yICbdPsXW41wUln,Standard,Paniora Sulca Jeniffer,73128348,Estudiante,UPN,Marketing,1,1,No
gst-9hMYsGjo4zJKyh7,Richard Pillaca,Richard,Pillaca,ridi.pillaca@gmail.com,,2026-02-20T03:02:43.507Z,approved,,,https://luma.com/check-in/evt-kUEXiytwkGB5nPL?pk=MpXBIyy2ddCKLbT,$0.00,$0.00,$0.00,usd,,,,,,evtticktyp-yICbdPsXW41wUln,Standard,"Pillaca Burga ",72521620,Independiente,"Universidad de british columbia ","Computer science ",2,4,"Sí, en etapa inicial (validación/MVP)"
gst-7aKQ8OAQ9K7G8ui,"Gianfranco Vásquez ",,,a20185724@pucp.edu.pe,,2026-02-20T02:34:54.673Z,approved,,,https://luma.com/check-in/evt-kUEXiytwkGB5nPL?pk=zMpZR8WskggDr0A,$0.00,$0.00,$0.00,usd,,,,,,evtticktyp-yICbdPsXW41wUln,Standard,Vàsquez Càrdenas,71103393,Estudiante,Pontificia Universidad Catòlica del Perù,Ingenierìa Informàtica,3,3,No
gst-Ug4pbs9rZ3okLDq,roy,Roy,VELASQUEZ VALENZUELA,roy.velasquez@pucp.edu.pe,,2026-02-20T00:30:27.878Z,approved,,,https://luma.com/check-in/evt-kUEXiytwkGB5nPL?pk=3OH5z9ERGiQhA15,$0.00,$0.00,$0.00,usd,,,,,,evtticktyp-yICbdPsXW41wUln,Standard,Velasquez,70392884,Empleado,Pucp,Informatica,4,4,No
gst-xedxq55TwLsQeW4,Nayheli Rojas Ponce,Nayheli,Rojas Ponce,nayheli.rojas@pucp.edu.pe,,2026-02-20T00:28:50.249Z,approved,,,https://luma.com/check-in/evt-kUEXiytwkGB5nPL?pk=8UkC9b6V3rUREEL,$0.00,$0.00,$0.00,usd,,,,,,evtticktyp-yICbdPsXW41wUln,Standard,Rojas Ponce,72698014,Estudiante,PUCP,Gestión,1,1,No
gst-oBt50pVvK0cSgCS,"Marcela ",,,marcela.palacios@pucp.edu.pe,,2026-02-20T00:28:26.168Z,approved,,,https://luma.com/check-in/evt-kUEXiytwkGB5nPL?pk=NdD9mSPGCEp3VsT,$0.00,$0.00,$0.00,usd,,,,,,evtticktyp-yICbdPsXW41wUln,Standard,"Palacios ",77574011,Estudiante,Pucp,"Ing Industrial ",3,3,No
gst-klrCXHVb9ogRYKe,"David Sebastien  Triveño Dávila ","David Sebastien ","Triveño Dávila ",a20220828@pucp.edu.pe,,2026-02-19T23:48:49.414Z,approved,,,https://luma.com/check-in/evt-kUEXiytwkGB5nPL?pk=nezPcgQe2HhJ3ke,$0.00,$0.00,$0.00,usd,,,,,,evtticktyp-yICbdPsXW41wUln,Standard,"Triveño Dávila ",72209804,Estudiante,"Pontificia Universidad Católica del Perú ","Ingeniería mecatrónica ",1,1,No
gst-M55yUwAk5WYP5OS,Uziel,Uziel,,uziel.contreras@pucp.edu.pe,,2026-02-19T22:45:45.769Z,approved,,,https://luma.com/check-in/evt-kUEXiytwkGB5nPL?pk=VCNrgzq7AXoWad1,$0.00,$0.00,$0.00,usd,,,,,,evtticktyp-yICbdPsXW41wUln,Standard,Contreras Aviles,74253652,Estudiante,Pontificia Universidad Católica del Perú,Gestión Empresarial,2,3,No
gst-QfXkUsIeBGvXFGk,"Alex Augusto ",,,alex.arauco@pucp.edu.pe,,2026-02-19T22:44:45.133Z,approved,,,https://luma.com/check-in/evt-kUEXiytwkGB5nPL?pk=5aE1BhuNCzNhTGR,$0.00,$0.00,$0.00,usd,,,,,,evtticktyp-yICbdPsXW41wUln,Standard,"Arauco Peña ",75968458,Estudiante,Pucp,"Ingeniería industrial ",2,2,No
gst-Fs1xSPgwJcnzGit,Tannia Flores,Tannia,Flores,a20196025@pucp.edu.pe,,2026-02-19T22:30:13.485Z,approved,,,https://luma.com/check-in/evt-kUEXiytwkGB5nPL?pk=zPBdKsxlpxAPW83,$0.00,$0.00,$0.00,usd,,,,,,evtticktyp-yICbdPsXW41wUln,Standard,"Flores ",73957027,Estudiante,PUCP,Arquitectura,2,2,"Sí, en etapa inicial (validación/MVP)"
gst-d4SKVThANXfhFlr,Tania,Tania,,neosid8@gmail.com,,2026-02-19T22:14:20.737Z,approved,,,https://luma.com/check-in/evt-kUEXiytwkGB5nPL?pk=FunvSiHxRhI75OG,$0.00,$0.00,$0.00,usd,,,,,,evtticktyp-yICbdPsXW41wUln,Standard,Usca Poccorpachi,72878587,Estudiante,Universidad Tecnológica del Perú,Ingeniería de Sistemas e Informática,1,1,"No, pero estoy desarrollando una idea"
gst-UH6UeoHuVQCLu4n,David Christopher Alexander,David,Christopher Alexander,a20222252@pucp.edu.pe,,2026-02-19T22:13:02.610Z,approved,,,https://luma.com/check-in/evt-kUEXiytwkGB5nPL?pk=GAFZUaGM9rGgbrh,$0.00,$0.00,$0.00,usd,,,,,,evtticktyp-yICbdPsXW41wUln,Standard,Palma Cisneros,73509019,Estudiante,PUCP,"Ingeniería Mecatronica ",2,2,"Sí, en etapa inicial (validación/MVP)"
gst-0A5usg6l6wKE3k1,Tania,Tania,Usca,usca5820@gmail.com,,2026-02-19T22:09:44.925Z,approved,,,https://luma.com/check-in/evt-kUEXiytwkGB5nPL?pk=8J0Xk2qSugDIbip,$0.00,$0.00,$0.00,usd,,,,,,evtticktyp-yICbdPsXW41wUln,Standard,USCA,72878587,Estudiante,UTP,ING SISTEMAS,1,1,"Sí, en etapa inicial (validación/MVP)"
gst-MDDBfPlTGPO2DP9,Diego Alejandro,,,a20253454@pucp.edu.pe,,2026-02-19T22:05:44.919Z,approved,,,https://luma.com/check-in/evt-kUEXiytwkGB5nPL?pk=1MlzGwjDVtw5cn9,$0.00,$0.00,$0.00,usd,,,,,,evtticktyp-yICbdPsXW41wUln,Standard,Huapaya Cruz,73623871,Estudiante,PUCP,Ingeniería Biomédica,2,1,No
gst-ZTzsTGDcGK8NXhM,Fernando,Fernando,,falonzo8@gmail.com,,2026-02-19T21:56:57.322Z,approved,,,https://luma.com/check-in/evt-kUEXiytwkGB5nPL?pk=kIBEG6bFH2eeeKz,$0.00,$0.00,$0.00,usd,,,,,,evtticktyp-yICbdPsXW41wUln,Standard,Cuyubamba Roldán,71737236,Estudiante,"PUCP ",Ingeniería Informática,3,3,"No, pero estoy desarrollando una idea"
gst-tXDUCBIC3ToEtll,JHIMY JHONATHAN,Jhimy,Jhonathan,jjsayasparodi@gmail.com,,2026-02-19T21:37:06.720Z,approved,,,https://luma.com/check-in/evt-kUEXiytwkGB5nPL?pk=MyX5UlI8pHednHs,$0.00,$0.00,$0.00,usd,,,,,,evtticktyp-yICbdPsXW41wUln,Standard,SAYAS PARODI,71926094,Estudiante,PUCP,FÍSICA,1,1,"No, pero estoy desarrollando una idea"
gst-KYxUZDhfHVF5BSJ,Bryce Mateo Huaqui,Bryce,Mateo Huaqui,a20236288@pucp.edu.pe,,2026-02-19T21:34:51.167Z,approved,,,https://luma.com/check-in/evt-kUEXiytwkGB5nPL?pk=1Jruo4QKKFbBHEL,$0.00,$0.00,$0.00,usd,,,,,,evtticktyp-yICbdPsXW41wUln,Standard,"Mateo Huaqui ",75367949,Independiente,PUCP,"Física ",1,2,"No, pero estoy desarrollando una idea"
gst-I1N0rpIbBzwYbHD,Antonella,Antonella,,arvidal@pucp.edu.pe,,2026-02-19T21:26:11.189Z,approved,,,https://luma.com/check-in/evt-kUEXiytwkGB5nPL?pk=a4YCeC71Of5WWIo,$0.00,$0.00,$0.00,usd,,,,,,evtticktyp-yICbdPsXW41wUln,Standard,"Vidal ",73889952,Empleado,PUCP,"ingeniería industrial ",1,1,"No, pero estoy desarrollando una idea"
gst-OagBZYiVKL36KDg,Sergio Andre,Sergio,Andre,salazar.sergio@pucp.edu.pe,,2026-02-19T21:09:05.492Z,approved,,,https://luma.com/check-in/evt-kUEXiytwkGB5nPL?pk=TBNzZLzCHbbaWKs,$0.00,$0.00,$0.00,usd,,,,,,evtticktyp-yICbdPsXW41wUln,Standard,Salazar Calderón,71259056,Estudiante,PUCP,Ingeniería Industrial,2,4,"Sí, en etapa inicial (validación/MVP)"
gst-kFiWHFuM876l5X6,Meily,,,a20193441@pucp.edu.pe,,2026-02-19T20:51:27.633Z,approved,,,https://luma.com/check-in/evt-kUEXiytwkGB5nPL?pk=rFQEYHALmvAw6Py,$0.00,$0.00,$0.00,usd,,,,,,evtticktyp-yICbdPsXW41wUln,Standard,Márquez Orcón,77041718,Estudiante,PONTIFICIA UNIVERSIDAD CATOLICA DEL PERU,INGENIERIA INDUSTRIAL,3,3,"No, pero estoy desarrollando una idea"
gst-DvE72GYlFhXkkqB,Ronald,Ronald,,asbestopalco@gmail.com,,2026-02-19T20:46:20.367Z,approved,,,https://luma.com/check-in/evt-kUEXiytwkGB5nPL?pk=PWVvD8CPDfcSEsc,$0.00,$0.00,$0.00,usd,,,,,,evtticktyp-yICbdPsXW41wUln,Standard,Velasquez Arohuanca,70614237,Independiente,PUCP,Ingenieria informatica,1,1,"No, pero estoy desarrollando una idea"
gst-zX2MNqAQ4AZD2E7,Paolo,Paolo,,paolocarranza1994@gmail.com,,2026-02-19T20:45:15.457Z,approved,,,https://luma.com/check-in/evt-kUEXiytwkGB5nPL?pk=rFzDcV0tLvvXPrn,$0.00,$0.00,$0.00,usd,,,,,,evtticktyp-yICbdPsXW41wUln,Standard,"Carranza Izquierdo ",71532607,Estudiante,PUCP,"Ingeniería biomédica ",1,1,No
gst-orbe3DGDTfFU7Pd,"Mateo ",,,a20210738@pucp.edu.pe,,2026-02-19T20:18:59.322Z,approved,,,https://luma.com/check-in/evt-kUEXiytwkGB5nPL?pk=Nm98Rwrk6cs5ZOf,$0.00,$0.00,$0.00,usd,,,,,,evtticktyp-yICbdPsXW41wUln,Standard,Salas Peña,72251196,Estudiante,PUCP,"Ingeniería Mecatrónica ",1,2,No
gst-vPGkEMy9qchCvQV,Frank,,,a20213732@pucp.edu.pe,,2026-02-19T20:10:34.358Z,approved,,,https://luma.com/check-in/evt-kUEXiytwkGB5nPL?pk=JqlIqHHL3hSLQ0l,$0.00,$0.00,$0.00,usd,,,,,,evtticktyp-yICbdPsXW41wUln,Standard,Jiménez Valencia,73884359,Estudiante,PUCP,Ingeniería Informática,3,3,No
gst-I8GP6hIqv6JHL8N,Diego Armando,,,diegoa.ramirez@pucp.edu.pe,,2026-02-19T19:52:33.511Z,approved,,,https://luma.com/check-in/evt-kUEXiytwkGB5nPL?pk=DPUf23XHppEuf0z,$0.00,$0.00,$0.00,usd,,,,,,evtticktyp-yICbdPsXW41wUln,Standard,Ramirez Angeles,73332329,Founder,PUCP,Ingeniería Electrónica,2,2,"Sí, en etapa inicial (validación/MVP)"
gst-mgGmdACRYztu7h9,"Cristian ",,,cristian.cabellob@pucp.edu.pe,,2026-02-19T19:51:57.887Z,approved,,,https://luma.com/check-in/evt-kUEXiytwkGB5nPL?pk=mAl2gqfESLNJMLy,$0.00,$0.00,$0.00,usd,,,,,,evtticktyp-yICbdPsXW41wUln,Standard,Cabello,75596210,Estudiante,Pucp,"ING. Industrial ",1,1,"No, pero estoy desarrollando una idea"
gst-SEQeBLLuVrHwr0w,Max Jacinto,Max,Jacinto,max.jacinto@pucp.edu.pe,,2026-02-19T19:50:35.498Z,approved,,,https://luma.com/check-in/evt-kUEXiytwkGB5nPL?pk=or2JRCeaivKQSqC,$0.00,$0.00,$0.00,usd,,,,,,evtticktyp-yICbdPsXW41wUln,Standard,Jacinto Mestanza,75131107,Independiente,Pontificia Universidad Católica del Perú,Ingeniería Informática,1,4,"No, pero estoy desarrollando una idea"
gst-N8SBxdAYNSLGGn7,"Brayan Rusbel Muñoz Romero ",Brayan,Rusbel Muñoz Romero,a20176443@pucp.edu.pe,,2026-02-19T19:47:10.447Z,approved,,,https://luma.com/check-in/evt-kUEXiytwkGB5nPL?pk=i8NPiJ2Qa6xW7dY,$0.00,$0.00,$0.00,usd,,,,,,evtticktyp-yICbdPsXW41wUln,Standard,Muñoz Romero,75443006,Estudiante,PUCP,Ingeniería Informática,2,2,"Sí, en etapa inicial (validación/MVP)"
gst-W31VF6ZoZRsv27w,Jorge Diony Muñoz Romero,Jorge,Muñoz Romero,djmunozromero@gmail.com,,2026-02-19T19:46:03.522Z,approved,,,https://luma.com/check-in/evt-kUEXiytwkGB5nPL?pk=ADGIWCMfHssDHdl,$0.00,$0.00,$0.00,usd,,,,,,evtticktyp-yICbdPsXW41wUln,Standard,Muñoz Romero,75767038,Empleado,UPC,Ingeniería Informática,3,3,"Sí, en etapa inicial (validación/MVP)"
gst-amxGCcloEbu4tei,Renatto,Renatto,,a20191668@pucp.edu.pe,,2026-02-19T19:44:21.326Z,approved,,,https://luma.com/check-in/evt-kUEXiytwkGB5nPL?pk=sPRmTjKmOxYrkwp,$0.00,$0.00,$0.00,usd,,,,,,evtticktyp-yICbdPsXW41wUln,Standard,García Arce,71942602,Estudiante,PUCP,Ingeniería Informática,2,3,No
gst-HLrf2C6Lz3vdkOr,Aranthza,Aranthza,MENDEZ SAAVEDRA,mendez.a@pucp.edu.pe,,2026-02-19T19:32:48.899Z,approved,,,https://luma.com/check-in/evt-kUEXiytwkGB5nPL?pk=4BUS5z8suU0KCcT,$0.00,$0.00,$0.00,usd,,,,,,evtticktyp-yICbdPsXW41wUln,Standard,"Mendez Saavedra ",72389164,Estudiante,pucp,"Ing Mecatrónica ",2,3,No
gst-Hbj81JHz17lUfsL,Xendra,,,xendra.jaimer@pucp.edu.pe,,2026-02-19T19:32:14.618Z,approved,,,https://luma.com/check-in/evt-kUEXiytwkGB5nPL?pk=4WHeiA1ElLPbSFd,$0.00,$0.00,$0.00,usd,,,,,,evtticktyp-yICbdPsXW41wUln,Standard,Jaime Reyes,77806836,Estudiante,PUCP,"Ingeniería Informática ",1,1,"Sí, en etapa inicial (validación/MVP)"
gst-30LOtqATKl8qB7D,"Antony ",,,a20216710@pucp.edu.pe,,2026-02-19T19:31:40.287Z,approved,,,https://luma.com/check-in/evt-kUEXiytwkGB5nPL?pk=yYNEfrnH1HT4aaC,$0.00,$0.00,$0.00,usd,,,,,,evtticktyp-yICbdPsXW41wUln,Standard,Salazar Chuquizuta,72660126,Estudiante,PUCP,Ing. Civil,1,1,"No, pero estoy desarrollando una idea"
gst-TpXkABWIHCeajBU,Nicole,Nicole,,a20232384@pucp.edu.pe,,2026-02-19T19:30:12.314Z,approved,,,https://luma.com/check-in/evt-kUEXiytwkGB5nPL?pk=TtO1Q7T5uQHt5M3,$0.00,$0.00,$0.00,usd,,,,,,evtticktyp-yICbdPsXW41wUln,Standard,"Felices Gilvonio ",72454668,Estudiante,PUCP,"Ingeniería industrial ",3,3,"No, pero estoy desarrollando una idea"
gst-uImJQEpc61Porzr,Ricardo Emanuel,Ricardo,Emanuel,rem230446@gmail.com,,2026-02-19T19:30:01.325Z,approved,,,https://luma.com/check-in/evt-kUEXiytwkGB5nPL?pk=Upo3gIaubRFAqRg,$0.00,$0.00,$0.00,usd,,,,,,evtticktyp-yICbdPsXW41wUln,Standard,Madueño Isase,70675268,Founder,Pontificia Universidad Catolica del Peru,"Ingeniería Industrial ",2,3,"Sí, en etapa inicial (validación/MVP)"
gst-CglG9OD6dA5SQ1T,Ana Mantilla,,,ana.mantilla@pucp.edu.pe,,2026-02-19T19:29:39.363Z,approved,,,https://luma.com/check-in/evt-kUEXiytwkGB5nPL?pk=a4itV41HkBmpwnP,$0.00,$0.00,$0.00,usd,,,,,,evtticktyp-yICbdPsXW41wUln,Standard,Mantilla Mantilla,72497165,Empleado,PUCP,Ingeniería Biomédica,3,5,No
gst-opuBtJeH7733jeT,Natalia,,,a20203479@pucp.edu.pe,,2026-02-19T18:04:22.029Z,approved,,,https://luma.com/check-in/evt-kUEXiytwkGB5nPL?pk=XKsKc7tSTHCGRIS,$0.00,$0.00,$0.00,usd,,,,,,evtticktyp-yICbdPsXW41wUln,Standard,Galindo,74457726,Estudiante,Pucp,Ingeniería biomedica,3,3,"No, pero estoy desarrollando una idea"
gst-AgDT8dbM2wfmUy3,JORGE,,,jorge.chaveze@pucp.edu.pe,,2026-02-19T17:40:22.204Z,approved,,,https://luma.com/check-in/evt-kUEXiytwkGB5nPL?pk=jGYZ6CNqFISzXCk,$0.00,$0.00,$0.00,usd,,,,,,evtticktyp-yICbdPsXW41wUln,Standard,CHAVEZ,72215542,Independiente,Pucp,Ing biomédica,2,2,No
gst-P5bz00gyD4CaDrX,Stacy Catacora,Stacy,"Catacora ",stacycatacora@gmail.com,,2026-02-19T13:49:43.996Z,approved,,,https://luma.com/check-in/evt-kUEXiytwkGB5nPL?pk=6cDwtTECQhtiZjM,$0.00,$0.00,$0.00,usd,,,,,,evtticktyp-yICbdPsXW41wUln,Standard,Catacora Franco,60852338,Estudiante,"PUCP ","Economía ",4,4,"Sí, en etapa inicial (validación/MVP)"
gst-i5SB44pPAT244zm,Hugo Rodríguez,Hugo,Rodríguez,hugoantoniorodriguezfalcon@gmail.com,,2026-02-19T13:44:33.786Z,approved,,,https://luma.com/check-in/evt-kUEXiytwkGB5nPL?pk=VmMkr76GPHqgMOA,$0.00,$0.00,$0.00,usd,,,,,,evtticktyp-yICbdPsXW41wUln,Standard,Rodríguez Falcón,73091303,Independiente,Pontificia Universidad Católica del Perú,Gestión Empresarial,4,4,"No, pero estoy desarrollando una idea"
gst-fYGCTpdyLN8Uhr1,Adrian Alzamora,Adrian,Alzamora,contact.adrian.pe@gmail.com,,2026-02-19T09:55:47.249Z,approved,,,https://luma.com/check-in/evt-kUEXiytwkGB5nPL?pk=VmeTCiWlnHTF5us,$0.00,$0.00,$0.00,usd,,,,,,evtticktyp-yICbdPsXW41wUln,Standard,Alzamora Gonzales,72876417,Founder,Universidad Peruana de Ciencias Aplicadas,Ingenieria de software,3,4,"Sí, en etapa inicial (validación/MVP)"
gst-VjDRs4wjVXi3RMc,Mirella Soe Casallo Torres,Torres,Mirella Soe Casallo,mircasallot@uch.pe,,2026-02-19T05:34:34.236Z,approved,,,https://luma.com/check-in/evt-kUEXiytwkGB5nPL?pk=9XwFgd0nsKzVjRJ,$0.00,$0.00,$0.00,usd,,,,,,evtticktyp-yICbdPsXW41wUln,Standard,"Casallo Torres Mirella Soe ",40404726,Estudiante,"Universidad de ciencias y humanidades ","Ingeniería de sistemas e informatica ",1,1,No
gst-XotiG0dzWKEIKQd,José Cabanillas,José,Cabanillas,cjcabanillas1205@gmail.com,,2026-02-19T04:09:03.725Z,approved,,,https://luma.com/check-in/evt-kUEXiytwkGB5nPL?pk=Y7ZoIN23Xm3MSHx,$0.00,$0.00,$0.00,usd,,,,,,evtticktyp-yICbdPsXW41wUln,Standard,Cabanillas Gamio,70464188,Estudiante,UPC,"Derecho ",2,3,"Sí, en etapa inicial (validación/MVP)"
gst-vRu0oPkABjHMl2P,Fiorella,Fiorella,,f.rodriguezt@pucp.edu.pe,,2026-02-19T03:57:29.334Z,approved,,,https://luma.com/check-in/evt-kUEXiytwkGB5nPL?pk=BGEAPZaJcGKLshT,$0.00,$0.00,$0.00,usd,,,,,,evtticktyp-yICbdPsXW41wUln,Standard,Rodríguez,72614204,Estudiante,PUCP,Arquitectura,1,1,No
gst-4sWyPcP9NbTXedA,ANGEL FRANCISCO QUISPE HERMOSILLA,ANGEL FRANCISCO,QUISPE HERMOSILLA,a20251065@pucp.edu.pe,,2026-02-19T03:18:42.389Z,approved,,,https://luma.com/check-in/evt-kUEXiytwkGB5nPL?pk=QIy09OTmfGMJ0Tu,$0.00,$0.00,$0.00,usd,,,,,,evtticktyp-yICbdPsXW41wUln,Standard,QUISPE HERMOSILLA,76118405,Estudiante,PUCP,Ingenieria Informática,4,3,"No, pero estoy desarrollando una idea"
gst-gZhZ4NdoWhKdIBL,DARIEN VALENTINO,,,saravia.d@pucp.edu.pe,,2026-02-19T03:16:49.872Z,approved,,,https://luma.com/check-in/evt-kUEXiytwkGB5nPL?pk=jamEb5Ijws33KOd,$0.00,$0.00,$0.00,usd,,,,,,evtticktyp-yICbdPsXW41wUln,Standard," SARAVIA TORRES",70713482,Estudiante,pucp,ing. informática,3,3,"Sí, en etapa inicial (validación/MVP)"
gst-yT69fw0fuwPPxs0,"Joseph Sebastian  Bujaico Ospino ","Joseph Sebastian ","Bujaico Ospino ",a20251022@pucp.edu.pe,,2026-02-19T02:43:12.388Z,approved,,,https://luma.com/check-in/evt-kUEXiytwkGB5nPL?pk=ubyJTIgMN2qNsT1,$0.00,$0.00,$0.00,usd,,,,,,evtticktyp-yICbdPsXW41wUln,Standard,"Bujaico Ospino ",60257386,Estudiante,"Pontificia Universidad Católica del Perú ","Ingeniería Mecatrónica ",3,3,"Sí, en etapa inicial (validación/MVP)"
gst-EfvMS7taa8npEfr,Sofía,Sofía,,sofiamendozazuzu0617@gmail.com,,2026-02-19T01:56:28.451Z,approved,,,https://luma.com/check-in/evt-kUEXiytwkGB5nPL?pk=uUyjNlCBh17TsSc,$0.00,$0.00,$0.00,usd,,,,,,evtticktyp-yICbdPsXW41wUln,Standard,"Mendoza Zuzunaga ","72286962 ",Estudiante,Pucp,Derecho,2,4,"Sí, en etapa inicial (validación/MVP)"
gst-xpdDnaybjvgeZ0L,Kevin Valqui Mendoza,KEVIN ANTHONY,VALQUI MENDOZA,kevin.valqui@pucp.edu.pe,,2026-02-19T01:01:30.525Z,approved,,,https://luma.com/check-in/evt-kUEXiytwkGB5nPL?pk=XcTy6bDYfgkdkI9,$0.00,$0.00,$0.00,usd,,,,,,evtticktyp-yICbdPsXW41wUln,Standard,Valqui Mendoza,71039114,Empleado,"Pontificia Universidad Católica del Perú ",Ingeniería Industrial,3,4,"Sí, en etapa inicial (validación/MVP)"
gst-UyKuJ4HQJMVKQrp,Angela,,,a20221298@pucp.edu.pe,,2026-02-19T01:00:27.943Z,approved,,,https://luma.com/check-in/evt-kUEXiytwkGB5nPL?pk=AdKcI20YG3QC9ka,$0.00,$0.00,$0.00,usd,,,,,,evtticktyp-yICbdPsXW41wUln,Standard,Gamarra Martinez,74069955,Estudiante,"Pontificia Universidad Católica del Perú ",Ingeniería Civil,1,1,"No, pero estoy desarrollando una idea"
gst-RulG4bj6ZKCPddu,Celia,Celia,,celiaa.univ@gmail.com,,2026-02-18T20:27:57.236Z,approved,,,https://luma.com/check-in/evt-kUEXiytwkGB5nPL?pk=2KSxsRo8MF7pWHK,$0.00,$0.00,$0.00,usd,,,,,,evtticktyp-yICbdPsXW41wUln,Standard,"Anaya alvarez ",74696380,Estudiante,"Universidad Nacional del Callao ","Ingeniería de sistemas ",3,4,"No, pero estoy desarrollando una idea"
gst-BZYQELV7w1Df7ee,Leonardo,Leonardo,,leonarpro68@gmail.com,,2026-02-18T17:45:07.248Z,approved,,,https://luma.com/check-in/evt-kUEXiytwkGB5nPL?pk=tp1mNG35lvfRf6X,$0.00,$0.00,$0.00,usd,,,,,,evtticktyp-yICbdPsXW41wUln,Standard,"Iturriaga ",70516509,Estudiante,"Pontifica Universidad Católica del Perú ","Ingeniera Mecatronica  ",2,3,"No, pero estoy desarrollando una idea"
gst-J8gYcO1mgi8Gt1s,Melissa,,,melissa.limachi@pucp.edu.pe,,2026-02-18T06:54:43.191Z,approved,,,https://luma.com/check-in/evt-kUEXiytwkGB5nPL?pk=gWLMI84AOwYB2oG,$0.00,$0.00,$0.00,usd,,,,,,evtticktyp-yICbdPsXW41wUln,Standard,"Limachi Laura ",72722789,Estudiante,PUCP,Ingeniería industrial,4,4,"No, pero estoy desarrollando una idea"
gst-kV2tQaxFBUv9xVR,Andree Salazar,Ttito,Andree Salazar,andree.salazar@pucp.edu.pe,,2026-02-18T03:42:50.535Z,approved,,,https://luma.com/check-in/evt-kUEXiytwkGB5nPL?pk=f2losa4p8MFG7T4,$0.00,$0.00,$0.00,usd,,,,,,evtticktyp-yICbdPsXW41wUln,Standard,Andree Salazar Ttito,70787793,Estudiante,PUCP,Ingeniería Informática,3,4,"Sí, en etapa inicial (validación/MVP)"
gst-plMV9HfGfo5RPEq,Sabrina,Sabrina,,curisinchesabrinacv@gmail.com,,2026-02-18T03:37:28.549Z,approved,,,https://luma.com/check-in/evt-kUEXiytwkGB5nPL?pk=KCQOUViW5TDNQGs,$0.00,$0.00,$0.00,usd,,,,,,evtticktyp-yICbdPsXW41wUln,Standard,"Curisinche Cavero ",71179681,Estudiante,PUCP,"Ing industrial ",1,3,"No, pero estoy desarrollando una idea"
gst-5HYsLFkOcl0ScYO,Marcos Villanueva,Marcos,Villanueva,marcoss.villanueva.5@gmail.com,,2026-02-18T02:43:37.667Z,approved,,,https://luma.com/check-in/evt-kUEXiytwkGB5nPL?pk=niXvTGSyDTiPrHK,$0.00,$0.00,$0.00,usd,,,,,,evtticktyp-yICbdPsXW41wUln,Standard,Villanueva Galván,72709284,Estudiante,UNJFSC,Ingeniería de Software,3,3,No
gst-316jstHF9AtvHNP,Freddy Edwin Ñañez Choque,Freddy,Ñañez,freddynanez8@gmail.com,,2026-02-17T03:26:54.991Z,approved,,,https://luma.com/check-in/evt-kUEXiytwkGB5nPL?pk=DBPE9dE9CBuUQB5,$0.00,$0.00,$0.00,usd,,,,,,evtticktyp-yICbdPsXW41wUln,Standard,,723669331,Estudiante,PUCP,Gestión,5,5,No
gst-7wFFVlL22UWwWBQ,Andrea Melo,Andrea,Melo,andrea.meloandia@gmail.com,,2026-02-17T02:08:25.635Z,approved,,,https://luma.com/check-in/evt-kUEXiytwkGB5nPL?pk=jvN8zeKAb9Dr0Xm,$0.00,$0.00,$0.00,usd,,,,,,evtticktyp-yICbdPsXW41wUln,Standard,Melo,75507098,Empleado,Pucp,Gestion,5,5,No
gst-obCuWxY6BJ04w8e,Omar Jesús,,,omar.sairitupac@pucp.edu.pe,,2026-02-17T01:43:39.801Z,approved,,,https://luma.com/check-in/evt-kUEXiytwkGB5nPL?pk=ybEqdhfEAyvk9Mu,$0.00,$0.00,$0.00,usd,,,,,,evtticktyp-yICbdPsXW41wUln,Standard,Sairitupac Jara,77819733,Empleado,PUCP,"Ingeniería Industrial ",2,1,No
gst-9zQEgt1XrdBItkr,Breakout Community,Breakout,Community,breakout.fellow@gmail.com,,2026-02-17T01:37:57.532Z,approved,,,https://luma.com/check-in/evt-kUEXiytwkGB5nPL?pk=QD0sOEvZMd52ppG,$0.00,$0.00,$0.00,usd,,,,,,evtticktyp-yICbdPsXW41wUln,Standard,Rojas Ponce,72698014,Estudiante,PUCP,Gestión,1,1,No
gst-bJWPTtycZbBDTI8,Tatiana Avila,Arauco,Tatiana Mirella Avila,tatiavilaarauco@gmail.com,,2026-02-17T00:01:21.708Z,approved,,,https://luma.com/check-in/evt-kUEXiytwkGB5nPL?pk=SD3FnTNMGtAdOoc,$0.00,$0.00,$0.00,usd,,,,,,evtticktyp-yICbdPsXW41wUln,Standard,,72095422,Estudiante,PUCP,ING. INFORMÁTICA,Intermedio,Intermedio,"Sí, en etapa inicial (validación/MVP)"